iteration,accepted,operation,value_ms
1,True,dc1_issuance_http,2.276083
1,True,dc2_delegation_http,2.063625
1,True,dc3_downstream_delegation_http,2.149458
1,True,cod_verify_http,3.031208
1,True,total_flow_ms,23.594666
1,True,challenge_issue_http,2.10325
1,True,holder_sign_http,0.831792
1,True,capability_verify_http,4.023625
1,True,holder_bound_access_total_http,6.958667
1,True,verifier_cod_validation,0.2035
1,True,verifier_capability_realization,0.0639
1,True,verifier_ledger_anchor,1.1162
1,True,capability_capability_base_validation,0.0821
1,True,capability_holder_key_resolution,0.6825
1,True,capability_challenge_state_check,0.3368
1,True,capability_holder_proof_verification,0.0646
1,True,capability_nonce_challenge_state_consumption,1.0351
1,True,capability_ledger_anchor,1.0514
1,True,ledger_anchor_total_ms,5.7293
2,True,dc1_issuance_http,2.363625
2,True,dc2_delegation_http,2.117625
2,True,dc3_downstream_delegation_http,2.238333
2,True,cod_verify_http,3.242125
2,True,total_flow_ms,24.1135
2,True,challenge_issue_http,2.067333
2,True,holder_sign_http,0.825916
2,True,capability_verify_http,4.206042
2,True,holder_bound_access_total_http,7.099291
2,True,verifier_cod_validation,0.2145
2,True,verifier_capability_realization,0.0705
2,True,verifier_ledger_anchor,1.0866
2,True,capability_capability_base_validation,0.0788
2,True,capability_holder_key_resolution,0.6913
2,True,capability_challenge_state_check,0.3323
2,True,capability_holder_proof_verification,0.0587
2,True,capability_nonce_challenge_state_consumption,1.1511
2,True,capability_ledger_anchor,1.082
2,True,ledger_anchor_total_ms,5.9492
3,True,dc1_issuance_http,2.292584
3,True,dc2_delegation_http,2.004292
3,True,dc3_downstream_delegation_http,2.268625
3,True,cod_verify_http,3.198167
3,True,total_flow_ms,23.953042
3,True,challenge_issue_http,2.037333
3,True,holder_sign_http,0.875583
3,True,capability_verify_http,4.090875
3,True,holder_bound_access_total_http,7.003791
3,True,verifier_cod_validation,0.2091
3,True,verifier_capability_realization,0.0707
3,True,verifier_ledger_anchor,1.1773
3,True,capability_capability_base_validation,0.0775
3,True,capability_holder_key_resolution,0.7034
3,True,capability_challenge_state_check,0.2935
3,True,capability_holder_proof_verification,0.0646
3,True,capability_nonce_challenge_state_consumption,1.0412
3,True,capability_ledger_anchor,1.1229
3,True,ledger_anchor_total_ms,5.8969
4,True,dc1_issuance_http,2.389625
4,True,dc2_delegation_http,2.09925
4,True,dc3_downstream_delegation_http,2.182834
4,True,cod_verify_http,3.444292
4,True,total_flow_ms,24.026458
4,True,challenge_issue_http,1.9605
4,True,holder_sign_http,0.871
4,True,capability_verify_http,4.120625
4,True,holder_bound_access_total_http,6.952125
4,True,verifier_cod_validation,0.2102
4,True,verifier_capability_realization,0.0719
4,True,verifier_ledger_anchor,1.3306
4,True,capability_capability_base_validation,0.0842
4,True,capability_holder_key_resolution,0.6803
4,True,capability_challenge_state_check,0.3288
4,True,capability_holder_proof_verification,0.0545
4,True,capability_nonce_challenge_state_consumption,1.0547
4,True,capability_ledger_anchor,1.0975
4,True,ledger_anchor_total_ms,6.1208
5,True,dc1_issuance_http,2.18375
5,True,dc2_delegation_http,2.008875
5,True,dc3_downstream_delegation_http,2.215125
5,True,cod_verify_http,3.0445
5,True,total_flow_ms,23.308084
5,True,challenge_issue_http,1.93675
5,True,holder_sign_http,0.830916
5,True,capability_verify_http,4.188375
5,True,holder_bound_access_total_http,6.956041
5,True,verifier_cod_validation,0.2301
5,True,verifier_capability_realization,0.0639
5,True,verifier_ledger_anchor,1.1199
5,True,capability_capability_base_validation,0.0766
5,True,capability_holder_key_resolution,0.7244
5,True,capability_challenge_state_check,0.3269
5,True,capability_holder_proof_verification,0.0662
5,True,capability_nonce_challenge_state_consumption,1.0926
5,True,capability_ledger_anchor,1.117
5,True,ledger_anchor_total_ms,5.8043
6,True,dc1_issuance_http,2.395208
6,True,dc2_delegation_http,2.0715
6,True,dc3_downstream_delegation_http,2.098375
6,True,cod_verify_http,3.049667
6,True,total_flow_ms,24.436625
6,True,challenge_issue_http,1.960666
6,True,holder_sign_http,0.844417
6,True,capability_verify_http,4.700917
6,True,holder_bound_access_total_http,7.506
6,True,verifier_cod_validation,0.2013
6,True,verifier_capability_realization,0.0693
6,True,verifier_ledger_anchor,1.1321
6,True,capability_capability_base_validation,0.0816
6,True,capability_holder_key_resolution,0.7324
6,True,capability_challenge_state_check,0.3432
6,True,capability_holder_proof_verification,0.0646
6,True,capability_nonce_challenge_state_consumption,1.1402
6,True,capability_ledger_anchor,1.434
6,True,ledger_anchor_total_ms,6.2173
7,True,dc1_issuance_http,3.135208
7,True,dc2_delegation_http,3.395
7,True,dc3_downstream_delegation_http,2.956917
7,True,cod_verify_http,5.812
7,True,total_flow_ms,36.390042
7,True,challenge_issue_http,2.390542
7,True,holder_sign_http,1.150167
7,True,capability_verify_http,7.724208
7,True,holder_bound_access_total_http,11.264917
7,True,verifier_cod_validation,0.2376
7,True,verifier_capability_realization,0.0736
7,True,verifier_ledger_anchor,3.1424
7,True,capability_capability_base_validation,0.0929
7,True,capability_holder_key_resolution,0.8899
7,True,capability_challenge_state_check,2.4819
7,True,capability_holder_proof_verification,0.3726
7,True,capability_nonce_challenge_state_consumption,1.1621
7,True,capability_ledger_anchor,1.4369
7,True,ledger_anchor_total_ms,9.4771
8,True,dc1_issuance_http,2.313375
8,True,dc2_delegation_http,2.219375
8,True,dc3_downstream_delegation_http,2.488167
8,True,cod_verify_http,3.264208
8,True,total_flow_ms,25.467209
8,True,challenge_issue_http,2.13725
8,True,holder_sign_http,0.961458
8,True,capability_verify_http,4.256084
8,True,holder_bound_access_total_http,7.354792
8,True,verifier_cod_validation,0.213
8,True,verifier_capability_realization,0.0719
8,True,verifier_ledger_anchor,1.1334
8,True,capability_capability_base_validation,0.1034
8,True,capability_holder_key_resolution,0.7291
8,True,capability_challenge_state_check,0.3285
8,True,capability_holder_proof_verification,0.0632
8,True,capability_nonce_challenge_state_consumption,1.0564
8,True,capability_ledger_anchor,1.1385
8,True,ledger_anchor_total_ms,6.0789
9,True,dc1_issuance_http,2.224542
9,True,dc2_delegation_http,2.205958
9,True,dc3_downstream_delegation_http,2.304
9,True,cod_verify_http,3.200125
9,True,total_flow_ms,24.317041
9,True,challenge_issue_http,2.103208
9,True,holder_sign_http,0.848958
9,True,capability_verify_http,4.138834
9,True,holder_bound_access_total_http,7.091
9,True,verifier_cod_validation,0.2098
9,True,verifier_capability_realization,0.0752
9,True,verifier_ledger_anchor,1.169
9,True,capability_capability_base_validation,0.0765
9,True,capability_holder_key_resolution,0.6583
9,True,capability_challenge_state_check,0.291
9,True,capability_holder_proof_verification,0.0596
9,True,capability_nonce_challenge_state_consumption,1.1256
9,True,capability_ledger_anchor,1.0944
9,True,ledger_anchor_total_ms,5.8633
10,True,dc1_issuance_http,2.170917
10,True,dc2_delegation_http,2.107708
10,True,dc3_downstream_delegation_http,2.277458
10,True,cod_verify_http,3.159084
10,True,total_flow_ms,24.16375
10,True,challenge_issue_http,2.291958
10,True,holder_sign_http,0.883125
10,True,capability_verify_http,4.05225
10,True,holder_bound_access_total_http,7.227333
10,True,verifier_cod_validation,0.2078
10,True,verifier_capability_realization,0.0648
10,True,verifier_ledger_anchor,1.0584
10,True,capability_capability_base_validation,0.077
10,True,capability_holder_key_resolution,0.6877
10,True,capability_challenge_state_check,0.2982
10,True,capability_holder_proof_verification,0.0602
10,True,capability_nonce_challenge_state_consumption,0.9972
10,True,capability_ledger_anchor,1.1445
10,True,ledger_anchor_total_ms,5.8114
11,True,dc1_issuance_http,2.121792
11,True,dc2_delegation_http,2.054417
11,True,dc3_downstream_delegation_http,2.16925
11,True,cod_verify_http,3.151542
11,True,total_flow_ms,23.487792
11,True,challenge_issue_http,2.145125
11,True,holder_sign_http,0.835084
11,True,capability_verify_http,4.060208
11,True,holder_bound_access_total_http,7.040417
11,True,verifier_cod_validation,0.2063
11,True,verifier_capability_realization,0.0741
11,True,verifier_ledger_anchor,1.206
11,True,capability_capability_base_validation,0.0843
11,True,capability_holder_key_resolution,0.6399
11,True,capability_challenge_state_check,0.3112
11,True,capability_holder_proof_verification,0.0639
11,True,capability_nonce_challenge_state_consumption,1.0185
11,True,capability_ledger_anchor,1.1529
11,True,ledger_anchor_total_ms,5.7946
12,True,dc1_issuance_http,2.134458
12,True,dc2_delegation_http,2.187125
12,True,dc3_downstream_delegation_http,2.261667
12,True,cod_verify_http,3.132333
12,True,total_flow_ms,23.619541
12,True,challenge_issue_http,1.95775
12,True,holder_sign_http,0.863916
12,True,capability_verify_http,4.077375
12,True,holder_bound_access_total_http,6.899041
12,True,verifier_cod_validation,0.2288
12,True,verifier_capability_realization,0.0677
12,True,verifier_ledger_anchor,1.0727
12,True,capability_capability_base_validation,0.0811
12,True,capability_holder_key_resolution,0.6591
12,True,capability_challenge_state_check,0.3008
12,True,capability_holder_proof_verification,0.0598
12,True,capability_nonce_challenge_state_consumption,1.0513
12,True,capability_ledger_anchor,1.1203
12,True,ledger_anchor_total_ms,5.7753
13,True,dc1_issuance_http,2.24225
13,True,dc2_delegation_http,2.062208
13,True,dc3_downstream_delegation_http,2.155041
13,True,cod_verify_http,3.226792
13,True,total_flow_ms,23.244125
13,True,challenge_issue_http,1.960333
13,True,holder_sign_http,0.867792
13,True,capability_verify_http,3.978084
13,True,holder_bound_access_total_http,6.806209
13,True,verifier_cod_validation,0.2047
13,True,verifier_capability_realization,0.0745
13,True,verifier_ledger_anchor,1.1524
13,True,capability_capability_base_validation,0.0793
13,True,capability_holder_key_resolution,0.6687
13,True,capability_challenge_state_check,0.2981
13,True,capability_holder_proof_verification,0.0601
13,True,capability_nonce_challenge_state_consumption,1.0028
13,True,capability_ledger_anchor,1.0647
13,True,ledger_anchor_total_ms,5.8309
14,True,dc1_issuance_http,2.591042
14,True,dc2_delegation_http,2.150417
14,True,dc3_downstream_delegation_http,2.256833
14,True,cod_verify_http,3.118416
14,True,total_flow_ms,24.143709
14,True,challenge_issue_http,1.922042
14,True,holder_sign_http,0.865583
14,True,capability_verify_http,4.087458
14,True,holder_bound_access_total_http,6.875083
14,True,verifier_cod_validation,0.2138
14,True,verifier_capability_realization,0.0707
14,True,verifier_ledger_anchor,1.1316
14,True,capability_capability_base_validation,0.0817
14,True,capability_holder_key_resolution,0.6888
14,True,capability_challenge_state_check,0.3135
14,True,capability_holder_proof_verification,0.068
14,True,capability_nonce_challenge_state_consumption,0.9712
14,True,capability_ledger_anchor,1.1815
14,True,ledger_anchor_total_ms,6.1119
15,True,dc1_issuance_http,2.223
15,True,dc2_delegation_http,2.076334
15,True,dc3_downstream_delegation_http,2.121792
15,True,cod_verify_http,3.145791
15,True,total_flow_ms,23.671041
15,True,challenge_issue_http,1.978334
15,True,holder_sign_http,0.863
15,True,capability_verify_http,3.977334
15,True,holder_bound_access_total_http,6.818668
15,True,verifier_cod_validation,0.2063
15,True,verifier_capability_realization,0.0722
15,True,verifier_ledger_anchor,1.1504
15,True,capability_capability_base_validation,0.0964
15,True,capability_holder_key_resolution,0.6113
15,True,capability_challenge_state_check,0.2859
15,True,capability_holder_proof_verification,0.06
15,True,capability_nonce_challenge_state_consumption,0.9927
15,True,capability_ledger_anchor,1.1074
15,True,ledger_anchor_total_ms,5.7747
16,True,dc1_issuance_http,2.401625
16,True,dc2_delegation_http,2.082458
16,True,dc3_downstream_delegation_http,2.242542
16,True,cod_verify_http,3.009375
16,True,total_flow_ms,23.585416
16,True,challenge_issue_http,1.965833
16,True,holder_sign_http,0.869834
16,True,capability_verify_http,3.980041
16,True,holder_bound_access_total_http,6.815708
16,True,verifier_cod_validation,0.2057
16,True,verifier_capability_realization,0.0719
16,True,verifier_ledger_anchor,1.094
16,True,capability_capability_base_validation,0.0782
16,True,capability_holder_key_resolution,0.6569
16,True,capability_challenge_state_check,0.2904
16,True,capability_holder_proof_verification,0.0587
16,True,capability_nonce_challenge_state_consumption,0.9891
16,True,capability_ledger_anchor,1.1006
16,True,ledger_anchor_total_ms,5.9398
17,True,dc1_issuance_http,2.202959
17,True,dc2_delegation_http,2.035417
17,True,dc3_downstream_delegation_http,2.285
17,True,cod_verify_http,3.085459
17,True,total_flow_ms,23.595042
17,True,challenge_issue_http,1.975041
17,True,holder_sign_http,0.853292
17,True,capability_verify_http,4.05125
17,True,holder_bound_access_total_http,6.879583
17,True,verifier_cod_validation,0.202
17,True,verifier_capability_realization,0.065
17,True,verifier_ledger_anchor,1.0232
17,True,capability_capability_base_validation,0.0814
17,True,capability_holder_key_resolution,0.6521
17,True,capability_challenge_state_check,0.3143
17,True,capability_holder_proof_verification,0.0607
17,True,capability_nonce_challenge_state_consumption,1.0223
17,True,capability_ledger_anchor,1.1121
17,True,ledger_anchor_total_ms,5.7804
18,True,dc1_issuance_http,2.4735
18,True,dc2_delegation_http,2.019292
18,True,dc3_downstream_delegation_http,2.1865
18,True,cod_verify_http,3.108625
18,True,total_flow_ms,23.421125
18,True,challenge_issue_http,1.934541
18,True,holder_sign_http,0.834791
18,True,capability_verify_http,4.007417
18,True,holder_bound_access_total_http,6.776749
18,True,verifier_cod_validation,0.1981
18,True,verifier_capability_realization,0.0694
18,True,verifier_ledger_anchor,1.1044
18,True,capability_capability_base_validation,0.0754
18,True,capability_holder_key_resolution,0.6658
18,True,capability_challenge_state_check,0.3373
18,True,capability_holder_proof_verification,0.064
18,True,capability_nonce_challenge_state_consumption,1.0567
18,True,capability_ledger_anchor,1.0403
18,True,ledger_anchor_total_ms,5.9108
19,True,dc1_issuance_http,2.414125
19,True,dc2_delegation_http,2.028167
19,True,dc3_downstream_delegation_http,2.153625
19,True,cod_verify_http,4.210083
19,True,total_flow_ms,24.395292
19,True,challenge_issue_http,2.0135
19,True,holder_sign_http,0.924291
19,True,capability_verify_http,3.996042
19,True,holder_bound_access_total_http,6.933833
19,True,verifier_cod_validation,0.2291
19,True,verifier_capability_realization,0.0755
19,True,verifier_ledger_anchor,1.4921
19,True,capability_capability_base_validation,0.0829
19,True,capability_holder_key_resolution,0.6554
19,True,capability_challenge_state_check,0.3174
19,True,capability_holder_proof_verification,0.061
19,True,capability_nonce_challenge_state_consumption,0.9432
19,True,capability_ledger_anchor,1.1494
19,True,ledger_anchor_total_ms,6.409
20,True,dc1_issuance_http,2.194583
20,True,dc2_delegation_http,2.102208
20,True,dc3_downstream_delegation_http,2.253125
20,True,cod_verify_http,3.130875
20,True,total_flow_ms,24.000708
20,True,challenge_issue_http,1.936167
20,True,holder_sign_http,0.867375
20,True,capability_verify_http,4.10575
20,True,holder_bound_access_total_http,6.909292
20,True,verifier_cod_validation,0.1984
20,True,verifier_capability_realization,0.0665
20,True,verifier_ledger_anchor,1.1111
20,True,capability_capability_base_validation,0.0885
20,True,capability_holder_key_resolution,0.6162
20,True,capability_challenge_state_check,0.322
20,True,capability_holder_proof_verification,0.063
20,True,capability_nonce_challenge_state_consumption,1.1502
20,True,capability_ledger_anchor,1.0966
20,True,ledger_anchor_total_ms,5.7347
21,True,dc1_issuance_http,2.435792
21,True,dc2_delegation_http,2.32325
21,True,dc3_downstream_delegation_http,2.386084
21,True,cod_verify_http,3.498
21,True,total_flow_ms,25.916584
21,True,challenge_issue_http,1.997917
21,True,holder_sign_http,0.847875
21,True,capability_verify_http,3.944667
21,True,holder_bound_access_total_http,6.790459
21,True,verifier_cod_validation,0.2111
21,True,verifier_capability_realization,0.0892
21,True,verifier_ledger_anchor,1.2442
21,True,capability_capability_base_validation,0.0778
21,True,capability_holder_key_resolution,0.6887
21,True,capability_challenge_state_check,0.3118
21,True,capability_holder_proof_verification,0.0685
21,True,capability_nonce_challenge_state_consumption,0.9406
21,True,capability_ledger_anchor,1.077
21,True,ledger_anchor_total_ms,6.1503
22,True,dc1_issuance_http,2.401584
22,True,dc2_delegation_http,1.998625
22,True,dc3_downstream_delegation_http,2.256708
22,True,cod_verify_http,3.152792
22,True,total_flow_ms,23.872667
22,True,challenge_issue_http,2.132459
22,True,holder_sign_http,0.847666
22,True,capability_verify_http,4.109958
22,True,holder_bound_access_total_http,7.090083
22,True,verifier_cod_validation,0.2038
22,True,verifier_capability_realization,0.0707
22,True,verifier_ledger_anchor,1.1009
22,True,capability_capability_base_validation,0.0817
22,True,capability_holder_key_resolution,0.6804
22,True,capability_challenge_state_check,0.3113
22,True,capability_holder_proof_verification,0.0642
22,True,capability_nonce_challenge_state_consumption,1.0843
22,True,capability_ledger_anchor,1.0949
22,True,ledger_anchor_total_ms,5.7926
23,True,dc1_issuance_http,2.392458
23,True,dc2_delegation_http,2.023417
23,True,dc3_downstream_delegation_http,2.183917
23,True,cod_verify_http,2.972
23,True,total_flow_ms,25.980834
23,True,challenge_issue_http,2.042875
23,True,holder_sign_http,0.843292
23,True,capability_verify_http,6.485584
23,True,holder_bound_access_total_http,9.371751
23,True,verifier_cod_validation,0.2062
23,True,verifier_capability_realization,0.0644
23,True,verifier_ledger_anchor,1.0483
23,True,capability_capability_base_validation,0.0735
23,True,capability_holder_key_resolution,0.6128
23,True,capability_challenge_state_check,0.3305
23,True,capability_holder_proof_verification,0.0663
23,True,capability_nonce_challenge_state_consumption,3.1471
23,True,capability_ledger_anchor,1.354
23,True,ledger_anchor_total_ms,6.0909
24,True,dc1_issuance_http,2.290917
24,True,dc2_delegation_http,2.129709
24,True,dc3_downstream_delegation_http,2.2845
24,True,cod_verify_http,3.034875
24,True,total_flow_ms,24.395542
24,True,challenge_issue_http,2.03225
24,True,holder_sign_http,0.863792
24,True,capability_verify_http,4.021542
24,True,holder_bound_access_total_http,6.917584
24,True,verifier_cod_validation,0.2093
24,True,verifier_capability_realization,0.065
24,True,verifier_ledger_anchor,1.0414
24,True,capability_capability_base_validation,0.0743
24,True,capability_holder_key_resolution,0.6508
24,True,capability_challenge_state_check,0.304
24,True,capability_holder_proof_verification,0.0647
24,True,capability_nonce_challenge_state_consumption,0.984
24,True,capability_ledger_anchor,1.155
24,True,ledger_anchor_total_ms,5.8737
25,True,dc1_issuance_http,2.402542
25,True,dc2_delegation_http,2.032542
25,True,dc3_downstream_delegation_http,2.1525
25,True,cod_verify_http,3.121208
25,True,total_flow_ms,24.193333
25,True,challenge_issue_http,2.123875
25,True,holder_sign_http,0.892958
25,True,capability_verify_http,4.313208
25,True,holder_bound_access_total_http,7.330041
25,True,verifier_cod_validation,0.2166
25,True,verifier_capability_realization,0.0665
25,True,verifier_ledger_anchor,1.0593
25,True,capability_capability_base_validation,0.0798
25,True,capability_holder_key_resolution,0.7184
25,True,capability_challenge_state_check,0.3231
25,True,capability_holder_proof_verification,0.0612
25,True,capability_nonce_challenge_state_consumption,1.2465
25,True,capability_ledger_anchor,1.0858
25,True,ledger_anchor_total_ms,5.8229
26,True,dc1_issuance_http,2.369917
26,True,dc2_delegation_http,2.19825
26,True,dc3_downstream_delegation_http,2.325583
26,True,cod_verify_http,4.184333
26,True,total_flow_ms,25.303
26,True,challenge_issue_http,2.051417
26,True,holder_sign_http,0.912458
26,True,capability_verify_http,4.036625
26,True,holder_bound_access_total_http,7.0005
26,True,verifier_cod_validation,0.222
26,True,verifier_capability_realization,0.0686
26,True,verifier_ledger_anchor,1.6904
26,True,capability_capability_base_validation,0.0735
26,True,capability_holder_key_resolution,0.6533
26,True,capability_challenge_state_check,0.3216
26,True,capability_holder_proof_verification,0.067
26,True,capability_nonce_challenge_state_consumption,1.0551
26,True,capability_ledger_anchor,1.0531
26,True,ledger_anchor_total_ms,6.3536
27,True,dc1_issuance_http,2.351166
27,True,dc2_delegation_http,2.065
27,True,dc3_downstream_delegation_http,2.24675
27,True,cod_verify_http,3.211125
27,True,total_flow_ms,24.400125
27,True,challenge_issue_http,2.122584
27,True,holder_sign_http,0.872583
27,True,capability_verify_http,4.119458
27,True,holder_bound_access_total_http,7.114625
27,True,verifier_cod_validation,0.2119
27,True,verifier_capability_realization,0.0747
27,True,verifier_ledger_anchor,1.1704
27,True,capability_capability_base_validation,0.0844
27,True,capability_holder_key_resolution,0.6589
27,True,capability_challenge_state_check,0.3303
27,True,capability_holder_proof_verification,0.0618
27,True,capability_nonce_challenge_state_consumption,1.0821
27,True,capability_ledger_anchor,1.108
27,True,ledger_anchor_total_ms,5.8469
28,True,dc1_issuance_http,2.424834
28,True,dc2_delegation_http,1.943625
28,True,dc3_downstream_delegation_http,2.18275
28,True,cod_verify_http,3.114667
28,True,total_flow_ms,23.437041
28,True,challenge_issue_http,1.986209
28,True,holder_sign_http,0.836625
28,True,capability_verify_http,3.914541
28,True,holder_bound_access_total_http,6.737375
28,True,verifier_cod_validation,0.2097
28,True,verifier_capability_realization,0.0645
28,True,verifier_ledger_anchor,1.1679
28,True,capability_capability_base_validation,0.0746
28,True,capability_holder_key_resolution,0.6322
28,True,capability_challenge_state_check,0.3056
28,True,capability_holder_proof_verification,0.0527
28,True,capability_nonce_challenge_state_consumption,1.0501
28,True,capability_ledger_anchor,1.0754
28,True,ledger_anchor_total_ms,5.8196
29,True,dc1_issuance_http,2.31025
29,True,dc2_delegation_http,2.048917
29,True,dc3_downstream_delegation_http,2.169416
29,True,cod_verify_http,3.285084
29,True,total_flow_ms,23.803
29,True,challenge_issue_http,2.073625
29,True,holder_sign_http,0.904291
29,True,capability_verify_http,4.141542
29,True,holder_bound_access_total_http,7.119458
29,True,verifier_cod_validation,0.2272
29,True,verifier_capability_realization,0.0734
29,True,verifier_ledger_anchor,1.17
29,True,capability_capability_base_validation,0.0817
29,True,capability_holder_key_resolution,0.6953
29,True,capability_challenge_state_check,0.3489
29,True,capability_holder_proof_verification,0.064
29,True,capability_nonce_challenge_state_consumption,1.0437
29,True,capability_ledger_anchor,1.0603
29,True,ledger_anchor_total_ms,5.9065
30,True,dc1_issuance_http,2.3795
30,True,dc2_delegation_http,2.218333
30,True,dc3_downstream_delegation_http,2.3625
30,True,cod_verify_http,3.503
30,True,total_flow_ms,24.903
30,True,challenge_issue_http,2.054208
30,True,holder_sign_http,0.898583
30,True,capability_verify_http,4.161708
30,True,holder_bound_access_total_http,7.114499
30,True,verifier_cod_validation,0.2136
30,True,verifier_capability_realization,0.0736
30,True,verifier_ledger_anchor,1.2029
30,True,capability_capability_base_validation,0.0774
30,True,capability_holder_key_resolution,0.6512
30,True,capability_challenge_state_check,0.3663
30,True,capability_holder_proof_verification,0.0674
30,True,capability_nonce_challenge_state_consumption,1.0581
30,True,capability_ledger_anchor,1.1323
30,True,ledger_anchor_total_ms,6.1622
31,True,dc1_issuance_http,2.269334
31,True,dc2_delegation_http,1.982209
31,True,dc3_downstream_delegation_http,2.274792
31,True,cod_verify_http,3.920666
31,True,total_flow_ms,24.673458
31,True,challenge_issue_http,2.047792
31,True,holder_sign_http,0.807584
31,True,capability_verify_http,4.093541
31,True,holder_bound_access_total_http,6.948917
31,True,verifier_cod_validation,0.2147
31,True,verifier_capability_realization,0.0808
31,True,verifier_ledger_anchor,1.0951
31,True,capability_capability_base_validation,0.0788
31,True,capability_holder_key_resolution,0.6619
31,True,capability_challenge_state_check,0.3741
31,True,capability_holder_proof_verification,0.0609
31,True,capability_nonce_challenge_state_consumption,1.02
31,True,capability_ledger_anchor,1.1231
31,True,ledger_anchor_total_ms,5.825
32,True,dc1_issuance_http,2.169458
32,True,dc2_delegation_http,2.002125
32,True,dc3_downstream_delegation_http,2.1665
32,True,cod_verify_http,2.927417
32,True,total_flow_ms,23.162667
32,True,challenge_issue_http,2.031792
32,True,holder_sign_http,0.84775
32,True,capability_verify_http,4.119833
32,True,holder_bound_access_total_http,6.999375
32,True,verifier_cod_validation,0.2055
32,True,verifier_capability_realization,0.0728
32,True,verifier_ledger_anchor,1.0441
32,True,capability_capability_base_validation,0.076
32,True,capability_holder_key_resolution,0.6318
32,True,capability_challenge_state_check,0.3257
32,True,capability_holder_proof_verification,0.0584
32,True,capability_nonce_challenge_state_consumption,1.0896
32,True,capability_ledger_anchor,1.1377
32,True,ledger_anchor_total_ms,5.6317
33,True,dc1_issuance_http,2.427292
33,True,dc2_delegation_http,2.084083
33,True,dc3_downstream_delegation_http,2.038334
33,True,cod_verify_http,3.35825
33,True,total_flow_ms,23.481625
33,True,challenge_issue_http,2.020459
33,True,holder_sign_http,0.830583
33,True,capability_verify_http,4.017375
33,True,holder_bound_access_total_http,6.868417
33,True,verifier_cod_validation,0.2066
33,True,verifier_capability_realization,0.0628
33,True,verifier_ledger_anchor,1.1488
33,True,capability_capability_base_validation,0.0842
33,True,capability_holder_key_resolution,0.6534
33,True,capability_challenge_state_check,0.3085
33,True,capability_holder_proof_verification,0.0608
33,True,capability_nonce_challenge_state_consumption,1.032
33,True,capability_ledger_anchor,1.1073
33,True,ledger_anchor_total_ms,6.0232
34,True,dc1_issuance_http,2.20375
34,True,dc2_delegation_http,2.187166
34,True,dc3_downstream_delegation_http,2.139291
34,True,cod_verify_http,3.068583
34,True,total_flow_ms,23.469541
34,True,challenge_issue_http,1.990709
34,True,holder_sign_http,0.816542
34,True,capability_verify_http,4.061875
34,True,holder_bound_access_total_http,6.869126
34,True,verifier_cod_validation,0.2063
34,True,verifier_capability_realization,0.0643
34,True,verifier_ledger_anchor,1.0908
34,True,capability_capability_base_validation,0.0748
34,True,capability_holder_key_resolution,0.6623
34,True,capability_challenge_state_check,0.3371
34,True,capability_holder_proof_verification,0.0627
34,True,capability_nonce_challenge_state_consumption,1.034
34,True,capability_ledger_anchor,1.0657
34,True,ledger_anchor_total_ms,5.8698
35,True,dc1_issuance_http,2.354833
35,True,dc2_delegation_http,2.06925
35,True,dc3_downstream_delegation_http,2.289625
35,True,cod_verify_http,3.196917
35,True,total_flow_ms,23.858791
35,True,challenge_issue_http,1.928833
35,True,holder_sign_http,0.858042
35,True,capability_verify_http,4.169958
35,True,holder_bound_access_total_http,6.956833
35,True,verifier_cod_validation,0.2049
35,True,verifier_capability_realization,0.0715
35,True,verifier_ledger_anchor,1.1787
35,True,capability_capability_base_validation,0.0737
35,True,capability_holder_key_resolution,0.6338
35,True,capability_challenge_state_check,0.3149
35,True,capability_holder_proof_verification,0.0515
35,True,capability_nonce_challenge_state_consumption,1.2175
35,True,capability_ledger_anchor,1.1116
35,True,ledger_anchor_total_ms,5.8778
36,True,dc1_issuance_http,2.239167
36,True,dc2_delegation_http,2.024667
36,True,dc3_downstream_delegation_http,2.20175
36,True,cod_verify_http,3.029
36,True,total_flow_ms,23.470167
36,True,challenge_issue_http,1.994209
36,True,holder_sign_http,0.842042
36,True,capability_verify_http,4.067583
36,True,holder_bound_access_total_http,6.903834
36,True,verifier_cod_validation,0.209
36,True,verifier_capability_realization,0.0663
36,True,verifier_ledger_anchor,1.0953
36,True,capability_capability_base_validation,0.0772
36,True,capability_holder_key_resolution,0.6215
36,True,capability_challenge_state_check,0.3037
36,True,capability_holder_proof_verification,0.0597
36,True,capability_nonce_challenge_state_consumption,1.0375
36,True,capability_ledger_anchor,1.1562
36,True,ledger_anchor_total_ms,5.8179
37,True,dc1_issuance_http,2.279042
37,True,dc2_delegation_http,2.080667
37,True,dc3_downstream_delegation_http,2.189083
37,True,cod_verify_http,2.976583
37,True,total_flow_ms,23.515458
37,True,challenge_issue_http,1.982708
37,True,holder_sign_http,0.831417
37,True,capability_verify_http,4.01975
37,True,holder_bound_access_total_http,6.833875
37,True,verifier_cod_validation,0.2185
37,True,verifier_capability_realization,0.063
37,True,verifier_ledger_anchor,1.0982
37,True,capability_capability_base_validation,0.0935
37,True,capability_holder_key_resolution,0.6578
37,True,capability_challenge_state_check,0.32
37,True,capability_holder_proof_verification,0.0606
37,True,capability_nonce_challenge_state_consumption,1.0388
37,True,capability_ledger_anchor,1.063
37,True,ledger_anchor_total_ms,5.8601
38,True,dc1_issuance_http,2.499166
38,True,dc2_delegation_http,1.97425
38,True,dc3_downstream_delegation_http,2.169333
38,True,cod_verify_http,2.98
38,True,total_flow_ms,23.397042
38,True,challenge_issue_http,1.993
38,True,holder_sign_http,0.867083
38,True,capability_verify_http,3.958
38,True,holder_bound_access_total_http,6.818083
38,True,verifier_cod_validation,0.1952
38,True,verifier_capability_realization,0.0722
38,True,verifier_ledger_anchor,1.096
38,True,capability_capability_base_validation,0.0756
38,True,capability_holder_key_resolution,0.6351
38,True,capability_challenge_state_check,0.3265
38,True,capability_holder_proof_verification,0.0619
38,True,capability_nonce_challenge_state_consumption,0.999
38,True,capability_ledger_anchor,1.0805
38,True,ledger_anchor_total_ms,5.931
39,True,dc1_issuance_http,2.148208
39,True,dc2_delegation_http,1.970583
39,True,dc3_downstream_delegation_http,2.0685
39,True,cod_verify_http,3.056083
39,True,total_flow_ms,23.172291
39,True,challenge_issue_http,1.998667
39,True,holder_sign_http,0.841542
39,True,capability_verify_http,4.159958
39,True,holder_bound_access_total_http,7.000167
39,True,verifier_cod_validation,0.2061
39,True,verifier_capability_realization,0.0693
39,True,verifier_ledger_anchor,1.1173
39,True,capability_capability_base_validation,0.077
39,True,capability_holder_key_resolution,0.6973
39,True,capability_challenge_state_check,0.3251
39,True,capability_holder_proof_verification,0.064
39,True,capability_nonce_challenge_state_consumption,1.0836
39,True,capability_ledger_anchor,1.1235
39,True,ledger_anchor_total_ms,5.6082
40,True,dc1_issuance_http,2.398542
40,True,dc2_delegation_http,2.291791
40,True,dc3_downstream_delegation_http,2.179459
40,True,cod_verify_http,3.18775
40,True,total_flow_ms,23.5445
40,True,challenge_issue_http,1.9055
40,True,holder_sign_http,0.803958
40,True,capability_verify_http,3.886375
40,True,holder_bound_access_total_http,6.595833
40,True,verifier_cod_validation,0.2053
40,True,verifier_capability_realization,0.0728
40,True,verifier_ledger_anchor,1.1347
40,True,capability_capability_base_validation,0.0793
40,True,capability_holder_key_resolution,0.6491
40,True,capability_challenge_state_check,0.3156
40,True,capability_holder_proof_verification,0.0611
40,True,capability_nonce_challenge_state_consumption,0.946
40,True,capability_ledger_anchor,1.062
40,True,ledger_anchor_total_ms,5.9415
41,True,dc1_issuance_http,2.199292
41,True,dc2_delegation_http,2.029
41,True,dc3_downstream_delegation_http,2.184583
41,True,cod_verify_http,3.07825
41,True,total_flow_ms,23.266208
41,True,challenge_issue_http,2.079083
41,True,holder_sign_http,0.820667
41,True,capability_verify_http,4.099292
41,True,holder_bound_access_total_http,6.999042
41,True,verifier_cod_validation,0.2082
41,True,verifier_capability_realization,0.0705
41,True,verifier_ledger_anchor,1.1294
41,True,capability_capability_base_validation,0.0788
41,True,capability_holder_key_resolution,0.6677
41,True,capability_challenge_state_check,0.3165
41,True,capability_holder_proof_verification,0.0601
41,True,capability_nonce_challenge_state_consumption,1.0277
41,True,capability_ledger_anchor,1.127
41,True,ledger_anchor_total_ms,5.6938
42,True,dc1_issuance_http,2.319875
42,True,dc2_delegation_http,1.967459
42,True,dc3_downstream_delegation_http,2.229334
42,True,cod_verify_http,3.1655
42,True,total_flow_ms,23.4275
42,True,challenge_issue_http,1.970583
42,True,holder_sign_http,0.834
42,True,capability_verify_http,3.982084
42,True,holder_bound_access_total_http,6.786667
42,True,verifier_cod_validation,0.2269
42,True,verifier_capability_realization,0.0798
42,True,verifier_ledger_anchor,1.1108
42,True,capability_capability_base_validation,0.0884
42,True,capability_holder_key_resolution,0.671
42,True,capability_challenge_state_check,0.3146
42,True,capability_holder_proof_verification,0.0639
42,True,capability_nonce_challenge_state_consumption,0.9903
42,True,capability_ledger_anchor,1.1043
42,True,ledger_anchor_total_ms,5.812
43,True,dc1_issuance_http,2.387542
43,True,dc2_delegation_http,2.113292
43,True,dc3_downstream_delegation_http,2.300375
43,True,cod_verify_http,4.179959
43,True,total_flow_ms,24.848791
43,True,challenge_issue_http,2.019667
43,True,holder_sign_http,0.836667
43,True,capability_verify_http,4.076167
43,True,holder_bound_access_total_http,6.932501
43,True,verifier_cod_validation,0.2081
43,True,verifier_capability_realization,0.0793
43,True,verifier_ledger_anchor,1.3774
43,True,capability_capability_base_validation,0.0784
43,True,capability_holder_key_resolution,0.6348
43,True,capability_challenge_state_check,0.3159
43,True,capability_holder_proof_verification,0.0665
43,True,capability_nonce_challenge_state_consumption,1.0524
43,True,capability_ledger_anchor,1.1078
43,True,ledger_anchor_total_ms,6.1605
44,True,dc1_issuance_http,2.199167
44,True,dc2_delegation_http,1.998667
44,True,dc3_downstream_delegation_http,2.175958
44,True,cod_verify_http,3.230459
44,True,total_flow_ms,23.736
44,True,challenge_issue_http,2.001959
44,True,holder_sign_http,0.81775
44,True,capability_verify_http,4.054625
44,True,holder_bound_access_total_http,6.874334
44,True,verifier_cod_validation,0.2138
44,True,verifier_capability_realization,0.0695
44,True,verifier_ledger_anchor,1.2204
44,True,capability_capability_base_validation,0.0772
44,True,capability_holder_key_resolution,0.6648
44,True,capability_challenge_state_check,0.3187
44,True,capability_holder_proof_verification,0.066
44,True,capability_nonce_challenge_state_consumption,1.0229
44,True,capability_ledger_anchor,1.0673
44,True,ledger_anchor_total_ms,5.7719
45,True,dc1_issuance_http,2.151041
45,True,dc2_delegation_http,2.183208
45,True,dc3_downstream_delegation_http,2.502417
45,True,cod_verify_http,3.257542
45,True,total_flow_ms,24.536584
45,True,challenge_issue_http,1.974333
45,True,holder_sign_http,0.870333
45,True,capability_verify_http,4.461875
45,True,holder_bound_access_total_http,7.306541
45,True,verifier_cod_validation,0.2102
45,True,verifier_capability_realization,0.0677
45,True,verifier_ledger_anchor,1.1784
45,True,capability_capability_base_validation,0.0801
45,True,capability_holder_key_resolution,0.6809
45,True,capability_challenge_state_check,0.2982
45,True,capability_holder_proof_verification,0.0556
45,True,capability_nonce_challenge_state_consumption,1.41
45,True,capability_ledger_anchor,1.1108
45,True,ledger_anchor_total_ms,6.2112
46,True,dc1_issuance_http,2.186416
46,True,dc2_delegation_http,2.0945
46,True,dc3_downstream_delegation_http,2.408792
46,True,cod_verify_http,3.181875
46,True,total_flow_ms,23.858459
46,True,challenge_issue_http,1.909542
46,True,holder_sign_http,0.849666
46,True,capability_verify_http,4.198583
46,True,holder_bound_access_total_http,6.957791
46,True,verifier_cod_validation,0.2336
46,True,verifier_capability_realization,0.0703
46,True,verifier_ledger_anchor,1.1946
46,True,capability_capability_base_validation,0.0946
46,True,capability_holder_key_resolution,0.7231
46,True,capability_challenge_state_check,0.3277
46,True,capability_holder_proof_verification,0.06
46,True,capability_nonce_challenge_state_consumption,1.1122
46,True,capability_ledger_anchor,1.0498
46,True,ledger_anchor_total_ms,5.9764
47,True,dc1_issuance_http,2.14275
47,True,dc2_delegation_http,2.0525
47,True,dc3_downstream_delegation_http,2.46125
47,True,cod_verify_http,3.079291
47,True,total_flow_ms,23.616958
47,True,challenge_issue_http,1.902416
47,True,holder_sign_http,0.842041
47,True,capability_verify_http,4.254416
47,True,holder_bound_access_total_http,6.998873
47,True,verifier_cod_validation,0.1983
47,True,verifier_capability_realization,0.0672
47,True,verifier_ledger_anchor,1.1298
47,True,capability_capability_base_validation,0.083
47,True,capability_holder_key_resolution,0.8299
47,True,capability_challenge_state_check,0.3139
47,True,capability_holder_proof_verification,0.0669
47,True,capability_nonce_challenge_state_consumption,1.068
47,True,capability_ledger_anchor,1.0317
47,True,ledger_anchor_total_ms,5.7553
48,True,dc1_issuance_http,2.08
48,True,dc2_delegation_http,1.9015
48,True,dc3_downstream_delegation_http,2.422375
48,True,cod_verify_http,3.067375
48,True,total_flow_ms,23.48
48,True,challenge_issue_http,2.024416
48,True,holder_sign_http,0.886709
48,True,capability_verify_http,4.396875
48,True,holder_bound_access_total_http,7.308
48,True,verifier_cod_validation,0.1983
48,True,verifier_capability_realization,0.0644
48,True,verifier_ledger_anchor,1.1203
48,True,capability_capability_base_validation,0.076
48,True,capability_holder_key_resolution,0.6538
48,True,capability_challenge_state_check,0.313
48,True,capability_holder_proof_verification,0.0663
48,True,capability_nonce_challenge_state_consumption,1.3362
48,True,capability_ledger_anchor,1.1392
48,True,ledger_anchor_total_ms,5.8332
49,True,dc1_issuance_http,2.104041
49,True,dc2_delegation_http,2.000625
49,True,dc3_downstream_delegation_http,2.531125
49,True,cod_verify_http,4.2425
49,True,total_flow_ms,25.699417
49,True,challenge_issue_http,2.249583
49,True,holder_sign_http,1.044333
49,True,capability_verify_http,4.4075
49,True,holder_bound_access_total_http,7.701416
49,True,verifier_cod_validation,0.2205
49,True,verifier_capability_realization,0.0858
49,True,verifier_ledger_anchor,1.5979
49,True,capability_capability_base_validation,0.0779
49,True,capability_holder_key_resolution,0.7202
49,True,capability_challenge_state_check,0.367
49,True,capability_holder_proof_verification,0.0675
49,True,capability_nonce_challenge_state_consumption,1.1455
49,True,capability_ledger_anchor,1.1325
49,True,ledger_anchor_total_ms,6.3173
50,True,dc1_issuance_http,2.1785
50,True,dc2_delegation_http,2.160084
50,True,dc3_downstream_delegation_http,2.281833
50,True,cod_verify_http,3.214792
50,True,total_flow_ms,24.075208
50,True,challenge_issue_http,2.002125
50,True,holder_sign_http,0.844833
50,True,capability_verify_http,4.120584
50,True,holder_bound_access_total_http,6.967542
50,True,verifier_cod_validation,0.2107
50,True,verifier_capability_realization,0.0683
50,True,verifier_ledger_anchor,1.0415
50,True,capability_capability_base_validation,0.0799
50,True,capability_holder_key_resolution,0.6554
50,True,capability_challenge_state_check,0.3278
50,True,capability_holder_proof_verification,0.0608
50,True,capability_nonce_challenge_state_consumption,1.0603
50,True,capability_ledger_anchor,1.1805
50,True,ledger_anchor_total_ms,5.7878
51,True,dc1_issuance_http,2.286291
51,True,dc2_delegation_http,2.0255
51,True,dc3_downstream_delegation_http,2.203875
51,True,cod_verify_http,3.108917
51,True,total_flow_ms,23.367458
51,True,challenge_issue_http,1.962208
51,True,holder_sign_http,0.852375
51,True,capability_verify_http,4.031834
51,True,holder_bound_access_total_http,6.846417
51,True,verifier_cod_validation,0.204
51,True,verifier_capability_realization,0.0698
51,True,verifier_ledger_anchor,1.1125
51,True,capability_capability_base_validation,0.0776
51,True,capability_holder_key_resolution,0.6858
51,True,capability_challenge_state_check,0.3077
51,True,capability_holder_proof_verification,0.0663
51,True,capability_nonce_challenge_state_consumption,0.9967
51,True,capability_ledger_anchor,1.1098
51,True,ledger_anchor_total_ms,5.7784
52,True,dc1_issuance_http,2.314666
52,True,dc2_delegation_http,1.976333
52,True,dc3_downstream_delegation_http,2.162333
52,True,cod_verify_http,3.124083
52,True,total_flow_ms,23.101917
52,True,challenge_issue_http,1.946792
52,True,holder_sign_http,0.839959
52,True,capability_verify_http,4.020208
52,True,holder_bound_access_total_http,6.806959
52,True,verifier_cod_validation,0.202
52,True,verifier_capability_realization,0.0706
52,True,verifier_ledger_anchor,1.1319
52,True,capability_capability_base_validation,0.0793
52,True,capability_holder_key_resolution,0.679
52,True,capability_challenge_state_check,0.3272
52,True,capability_holder_proof_verification,0.0633
52,True,capability_nonce_challenge_state_consumption,0.9826
52,True,capability_ledger_anchor,1.1011
52,True,ledger_anchor_total_ms,5.7444
53,True,dc1_issuance_http,2.5275
53,True,dc2_delegation_http,2.105458
53,True,dc3_downstream_delegation_http,2.311084
53,True,cod_verify_http,3.135416
53,True,total_flow_ms,23.799542
53,True,challenge_issue_http,1.993458
53,True,holder_sign_http,0.830791
53,True,capability_verify_http,4.121167
53,True,holder_bound_access_total_http,6.945416
53,True,verifier_cod_validation,0.2095
53,True,verifier_capability_realization,0.0706
53,True,verifier_ledger_anchor,1.1745
53,True,capability_capability_base_validation,0.0747
53,True,capability_holder_key_resolution,0.6679
53,True,capability_challenge_state_check,0.349
53,True,capability_holder_proof_verification,0.0661
53,True,capability_nonce_challenge_state_consumption,1.0069
53,True,capability_ledger_anchor,1.154
53,True,ledger_anchor_total_ms,6.2527
54,True,dc1_issuance_http,2.466083
54,True,dc2_delegation_http,2.074
54,True,dc3_downstream_delegation_http,2.257375
54,True,cod_verify_http,3.02925
54,True,total_flow_ms,23.604375
54,True,challenge_issue_http,1.977458
54,True,holder_sign_http,0.806084
54,True,capability_verify_http,3.970666
54,True,holder_bound_access_total_http,6.754208
54,True,verifier_cod_validation,0.2098
54,True,verifier_capability_realization,0.0766
54,True,verifier_ledger_anchor,1.0785
54,True,capability_capability_base_validation,0.0765
54,True,capability_holder_key_resolution,0.5948
54,True,capability_challenge_state_check,0.3185
54,True,capability_holder_proof_verification,0.0586
54,True,capability_nonce_challenge_state_consumption,1.0629
54,True,capability_ledger_anchor,1.0849
54,True,ledger_anchor_total_ms,5.9715
55,True,dc1_issuance_http,2.207167
55,True,dc2_delegation_http,1.987709
55,True,dc3_downstream_delegation_http,2.149958
55,True,cod_verify_http,3.762917
55,True,total_flow_ms,23.979541
55,True,challenge_issue_http,1.981292
55,True,holder_sign_http,0.836084
55,True,capability_verify_http,4.046125
55,True,holder_bound_access_total_http,6.863501
55,True,verifier_cod_validation,0.2135
55,True,verifier_capability_realization,0.071
55,True,verifier_ledger_anchor,1.1084
55,True,capability_capability_base_validation,0.0794
55,True,capability_holder_key_resolution,0.6209
55,True,capability_challenge_state_check,0.3164
55,True,capability_holder_proof_verification,0.0624
55,True,capability_nonce_challenge_state_consumption,1.0595
55,True,capability_ledger_anchor,1.122
55,True,ledger_anchor_total_ms,5.7426
56,True,dc1_issuance_http,2.3945
56,True,dc2_delegation_http,2.137375
56,True,dc3_downstream_delegation_http,2.315875
56,True,cod_verify_http,3.13325
56,True,total_flow_ms,23.88875
56,True,challenge_issue_http,1.988375
56,True,holder_sign_http,0.810792
56,True,capability_verify_http,4.079417
56,True,holder_bound_access_total_http,6.878584
56,True,verifier_cod_validation,0.2104
56,True,verifier_capability_realization,0.0719
56,True,verifier_ledger_anchor,1.1228
56,True,capability_capability_base_validation,0.0765
56,True,capability_holder_key_resolution,0.6749
56,True,capability_challenge_state_check,0.3524
56,True,capability_holder_proof_verification,0.0674
56,True,capability_nonce_challenge_state_consumption,0.9988
56,True,capability_ledger_anchor,1.1171
56,True,ledger_anchor_total_ms,6.074
57,True,dc1_issuance_http,2.249459
57,True,dc2_delegation_http,2.011125
57,True,dc3_downstream_delegation_http,2.206917
57,True,cod_verify_http,3.27725
57,True,total_flow_ms,23.821416
57,True,challenge_issue_http,2.007042
57,True,holder_sign_http,0.876375
57,True,capability_verify_http,4.111458
57,True,holder_bound_access_total_http,6.994875
57,True,verifier_cod_validation,0.2071
57,True,verifier_capability_realization,0.0723
57,True,verifier_ledger_anchor,1.1383
57,True,capability_capability_base_validation,0.0752
57,True,capability_holder_key_resolution,0.6349
57,True,capability_challenge_state_check,0.3212
57,True,capability_holder_proof_verification,0.0597
57,True,capability_nonce_challenge_state_consumption,1.1108
57,True,capability_ledger_anchor,1.0627
57,True,ledger_anchor_total_ms,5.7033
58,True,dc1_issuance_http,2.224667
58,True,dc2_delegation_http,2.01675
58,True,dc3_downstream_delegation_http,2.109916
58,True,cod_verify_http,3.143166
58,True,total_flow_ms,23.573791
58,True,challenge_issue_http,2.07825
58,True,holder_sign_http,0.913709
58,True,capability_verify_http,4.098417
58,True,holder_bound_access_total_http,7.090376
58,True,verifier_cod_validation,0.233
58,True,verifier_capability_realization,0.08
58,True,verifier_ledger_anchor,1.1304
58,True,capability_capability_base_validation,0.0952
58,True,capability_holder_key_resolution,0.6649
58,True,capability_challenge_state_check,0.3385
58,True,capability_holder_proof_verification,0.0651
58,True,capability_nonce_challenge_state_consumption,1.0375
58,True,capability_ledger_anchor,1.1183
58,True,ledger_anchor_total_ms,5.7562
59,True,dc1_issuance_http,2.394667
59,True,dc2_delegation_http,2.001667
59,True,dc3_downstream_delegation_http,2.198375
59,True,cod_verify_http,3.067667
59,True,total_flow_ms,23.753375
59,True,challenge_issue_http,2.065208
59,True,holder_sign_http,0.856667
59,True,capability_verify_http,4.125292
59,True,holder_bound_access_total_http,7.047167
59,True,verifier_cod_validation,0.2105
59,True,verifier_capability_realization,0.0675
59,True,verifier_ledger_anchor,1.1018
59,True,capability_capability_base_validation,0.0804
59,True,capability_holder_key_resolution,0.6241
59,True,capability_challenge_state_check,0.3405
59,True,capability_holder_proof_verification,0.0596
59,True,capability_nonce_challenge_state_consumption,1.07
59,True,capability_ledger_anchor,1.1399
59,True,ledger_anchor_total_ms,5.8906
60,True,dc1_issuance_http,2.295583
60,True,dc2_delegation_http,2.09
60,True,dc3_downstream_delegation_http,2.161417
60,True,cod_verify_http,2.978291
60,True,total_flow_ms,23.2415
60,True,challenge_issue_http,2.002125
60,True,holder_sign_http,0.827792
60,True,capability_verify_http,4.143291
60,True,holder_bound_access_total_http,6.973208
60,True,verifier_cod_validation,0.2093
60,True,verifier_capability_realization,0.0714
60,True,verifier_ledger_anchor,1.0817
60,True,capability_capability_base_validation,0.0768
60,True,capability_holder_key_resolution,0.6656
60,True,capability_challenge_state_check,0.3073
60,True,capability_holder_proof_verification,0.0599
60,True,capability_nonce_challenge_state_consumption,1.0716
60,True,capability_ledger_anchor,1.1694
60,True,ledger_anchor_total_ms,5.874
61,True,dc1_issuance_http,2.229625
61,True,dc2_delegation_http,2.09925
61,True,dc3_downstream_delegation_http,2.193792
61,True,cod_verify_http,3.133916
61,True,total_flow_ms,23.228708
61,True,challenge_issue_http,1.978417
61,True,holder_sign_http,0.840959
61,True,capability_verify_http,4.002209
61,True,holder_bound_access_total_http,6.821585
61,True,verifier_cod_validation,0.2001
61,True,verifier_capability_realization,0.072
61,True,verifier_ledger_anchor,1.124
61,True,capability_capability_base_validation,0.0724
61,True,capability_holder_key_resolution,0.6323
61,True,capability_challenge_state_check,0.3205
61,True,capability_holder_proof_verification,0.0654
61,True,capability_nonce_challenge_state_consumption,1.0214
61,True,capability_ledger_anchor,1.0744
61,True,ledger_anchor_total_ms,5.7855
62,True,dc1_issuance_http,2.14725
62,True,dc2_delegation_http,1.952833
62,True,dc3_downstream_delegation_http,2.199542
62,True,cod_verify_http,3.172083
62,True,total_flow_ms,23.320209
62,True,challenge_issue_http,1.938209
62,True,holder_sign_http,0.837958
62,True,capability_verify_http,4.161208
62,True,holder_bound_access_total_http,6.937375
62,True,verifier_cod_validation,0.2121
62,True,verifier_capability_realization,0.0707
62,True,verifier_ledger_anchor,1.1799
62,True,capability_capability_base_validation,0.0783
62,True,capability_holder_key_resolution,0.694
62,True,capability_challenge_state_check,0.2927
62,True,capability_holder_proof_verification,0.0535
62,True,capability_nonce_challenge_state_consumption,1.0681
62,True,capability_ledger_anchor,1.1045
62,True,ledger_anchor_total_ms,5.6988
63,True,dc1_issuance_http,2.50125
63,True,dc2_delegation_http,2.375541
63,True,dc3_downstream_delegation_http,2.333792
63,True,cod_verify_http,3.6185
63,True,total_flow_ms,24.989834
63,True,challenge_issue_http,2.025958
63,True,holder_sign_http,0.867042
63,True,capability_verify_http,4.130333
63,True,holder_bound_access_total_http,7.023333
63,True,verifier_cod_validation,0.2298
63,True,verifier_capability_realization,0.0769
63,True,verifier_ledger_anchor,1.3656
63,True,capability_capability_base_validation,0.0775
63,True,capability_holder_key_resolution,0.6818
63,True,capability_challenge_state_check,0.3233
63,True,capability_holder_proof_verification,0.0585
63,True,capability_nonce_challenge_state_consumption,1.0413
63,True,capability_ledger_anchor,1.1329
63,True,ledger_anchor_total_ms,6.458
64,True,dc1_issuance_http,2.232667
64,True,dc2_delegation_http,2.044
64,True,dc3_downstream_delegation_http,2.23025
64,True,cod_verify_http,3.110667
64,True,total_flow_ms,23.733667
64,True,challenge_issue_http,1.991708
64,True,holder_sign_http,0.8405
64,True,capability_verify_http,4.155125
64,True,holder_bound_access_total_http,6.987333
64,True,verifier_cod_validation,0.2135
64,True,verifier_capability_realization,0.0693
64,True,verifier_ledger_anchor,1.0983
64,True,capability_capability_base_validation,0.0785
64,True,capability_holder_key_resolution,0.6582
64,True,capability_challenge_state_check,0.3191
64,True,capability_holder_proof_verification,0.0668
64,True,capability_nonce_challenge_state_consumption,1.1396
64,True,capability_ledger_anchor,1.0693
64,True,ledger_anchor_total_ms,5.7578
65,True,dc1_issuance_http,2.315958
65,True,dc2_delegation_http,2.035917
65,True,dc3_downstream_delegation_http,2.1175
65,True,cod_verify_http,3.053375
65,True,total_flow_ms,23.11475
65,True,challenge_issue_http,1.996792
65,True,holder_sign_http,0.834667
65,True,capability_verify_http,4.015583
65,True,holder_bound_access_total_http,6.847042
65,True,verifier_cod_validation,0.2215
65,True,verifier_capability_realization,0.0686
65,True,verifier_ledger_anchor,1.1238
65,True,capability_capability_base_validation,0.0777
65,True,capability_holder_key_resolution,0.6122
65,True,capability_challenge_state_check,0.299
65,True,capability_holder_proof_verification,0.0597
65,True,capability_nonce_challenge_state_consumption,1.11
65,True,capability_ledger_anchor,1.0582
65,True,ledger_anchor_total_ms,5.7384
66,True,dc1_issuance_http,2.421625
66,True,dc2_delegation_http,2.034542
66,True,dc3_downstream_delegation_http,2.153834
66,True,cod_verify_http,3.053792
66,True,total_flow_ms,23.494958
66,True,challenge_issue_http,1.943083
66,True,holder_sign_http,0.840625
66,True,capability_verify_http,4.09375
66,True,holder_bound_access_total_http,6.877458
66,True,verifier_cod_validation,0.2051
66,True,verifier_capability_realization,0.0655
66,True,verifier_ledger_anchor,1.1198
66,True,capability_capability_base_validation,0.0804
66,True,capability_holder_key_resolution,0.6942
66,True,capability_challenge_state_check,0.3547
66,True,capability_holder_proof_verification,0.067
66,True,capability_nonce_challenge_state_consumption,1.0665
66,True,capability_ledger_anchor,1.042
66,True,ledger_anchor_total_ms,5.8713
67,True,dc1_issuance_http,2.324792
67,True,dc2_delegation_http,2.08425
67,True,dc3_downstream_delegation_http,2.154167
67,True,cod_verify_http,4.620833
67,True,total_flow_ms,24.960917
67,True,challenge_issue_http,2.009625
67,True,holder_sign_http,0.871667
67,True,capability_verify_http,4.07925
67,True,holder_bound_access_total_http,6.960542
67,True,verifier_cod_validation,0.2088
67,True,verifier_capability_realization,0.075
67,True,verifier_ledger_anchor,1.3551
67,True,capability_capability_base_validation,0.0759
67,True,capability_holder_key_resolution,0.6285
67,True,capability_challenge_state_check,0.3189
67,True,capability_holder_proof_verification,0.0643
67,True,capability_nonce_challenge_state_consumption,1.0766
67,True,capability_ledger_anchor,1.1207
67,True,ledger_anchor_total_ms,6.1024
68,True,dc1_issuance_http,2.5435
68,True,dc2_delegation_http,2.218417
68,True,dc3_downstream_delegation_http,2.290084
68,True,cod_verify_http,3.3895
68,True,total_flow_ms,24.832
68,True,challenge_issue_http,1.974
68,True,holder_sign_http,0.86625
68,True,capability_verify_http,4.180667
68,True,holder_bound_access_total_http,7.020917
68,True,verifier_cod_validation,0.2037
68,True,verifier_capability_realization,0.0747
68,True,verifier_ledger_anchor,1.1662
68,True,capability_capability_base_validation,0.0773
68,True,capability_holder_key_resolution,0.69
68,True,capability_challenge_state_check,0.337
68,True,capability_holder_proof_verification,0.068
68,True,capability_nonce_challenge_state_consumption,1.1285
68,True,capability_ledger_anchor,1.0537
68,True,ledger_anchor_total_ms,6.0617
69,True,dc1_issuance_http,2.534917
69,True,dc2_delegation_http,2.028333
69,True,dc3_downstream_delegation_http,2.193333
69,True,cod_verify_http,3.146375
69,True,total_flow_ms,24.369
69,True,challenge_issue_http,2.212625
69,True,holder_sign_http,0.875708
69,True,capability_verify_http,4.270666
69,True,holder_bound_access_total_http,7.358999
69,True,verifier_cod_validation,0.2099
69,True,verifier_capability_realization,0.0665
69,True,verifier_ledger_anchor,1.1033
69,True,capability_capability_base_validation,0.0776
69,True,capability_holder_key_resolution,0.6576
69,True,capability_challenge_state_check,0.3216
69,True,capability_holder_proof_verification,0.06
69,True,capability_nonce_challenge_state_consumption,1.1925
69,True,capability_ledger_anchor,1.119
69,True,ledger_anchor_total_ms,5.8027
70,True,dc1_issuance_http,2.223459
70,True,dc2_delegation_http,2.027458
70,True,dc3_downstream_delegation_http,2.227458
70,True,cod_verify_http,3.0715
70,True,total_flow_ms,23.318542
70,True,challenge_issue_http,1.933125
70,True,holder_sign_http,0.789458
70,True,capability_verify_http,3.934792
70,True,holder_bound_access_total_http,6.657375
70,True,verifier_cod_validation,0.2045
70,True,verifier_capability_realization,0.0705
70,True,verifier_ledger_anchor,1.1442
70,True,capability_capability_base_validation,0.0765
70,True,capability_holder_key_resolution,0.6312
70,True,capability_challenge_state_check,0.306
70,True,capability_holder_proof_verification,0.0562
70,True,capability_nonce_challenge_state_consumption,1.0263
70,True,capability_ledger_anchor,1.0483
70,True,ledger_anchor_total_ms,5.7185
71,True,dc1_issuance_http,2.334
71,True,dc2_delegation_http,2.068
71,True,dc3_downstream_delegation_http,2.289
71,True,cod_verify_http,3.698125
71,True,total_flow_ms,24.2595
71,True,challenge_issue_http,1.948375
71,True,holder_sign_http,0.873458
71,True,capability_verify_http,4.11275
71,True,holder_bound_access_total_http,6.934583
71,True,verifier_cod_validation,0.218
71,True,verifier_capability_realization,0.071
71,True,verifier_ledger_anchor,1.4765
71,True,capability_capability_base_validation,0.0838
71,True,capability_holder_key_resolution,0.6815
71,True,capability_challenge_state_check,0.2946
71,True,capability_holder_proof_verification,0.0623
71,True,capability_nonce_challenge_state_consumption,1.0844
71,True,capability_ledger_anchor,1.074
71,True,ledger_anchor_total_ms,6.376
72,True,dc1_issuance_http,2.309333
72,True,dc2_delegation_http,2.284708
72,True,dc3_downstream_delegation_http,2.2865
72,True,cod_verify_http,3.804917
72,True,total_flow_ms,24.702917
72,True,challenge_issue_http,2.016667
72,True,holder_sign_http,0.852375
72,True,capability_verify_http,4.027542
72,True,holder_bound_access_total_http,6.896584
72,True,verifier_cod_validation,0.2334
72,True,verifier_capability_realization,0.0747
72,True,verifier_ledger_anchor,1.5245
72,True,capability_capability_base_validation,0.0763
72,True,capability_holder_key_resolution,0.6155
72,True,capability_challenge_state_check,0.317
72,True,capability_holder_proof_verification,0.0592
72,True,capability_nonce_challenge_state_consumption,1.0628
72,True,capability_ledger_anchor,1.109
72,True,ledger_anchor_total_ms,6.3508
73,True,dc1_issuance_http,2.230959
73,True,dc2_delegation_http,1.958875
73,True,dc3_downstream_delegation_http,2.305542
73,True,cod_verify_http,3.160583
73,True,total_flow_ms,23.87225
73,True,challenge_issue_http,2.109917
73,True,holder_sign_http,0.855125
73,True,capability_verify_http,4.096667
73,True,holder_bound_access_total_http,7.061709
73,True,verifier_cod_validation,0.2145
73,True,verifier_capability_realization,0.0752
73,True,verifier_ledger_anchor,1.1135
73,True,capability_capability_base_validation,0.0749
73,True,capability_holder_key_resolution,0.6278
73,True,capability_challenge_state_check,0.3226
73,True,capability_holder_proof_verification,0.065
73,True,capability_nonce_challenge_state_consumption,1.0549
73,True,capability_ledger_anchor,1.1417
73,True,ledger_anchor_total_ms,5.8409
74,True,dc1_issuance_http,2.469666
74,True,dc2_delegation_http,1.9845
74,True,dc3_downstream_delegation_http,2.201791
74,True,cod_verify_http,3.040334
74,True,total_flow_ms,23.485833
74,True,challenge_issue_http,2.128916
74,True,holder_sign_http,0.809708
74,True,capability_verify_http,4.053416
74,True,holder_bound_access_total_http,6.99204
74,True,verifier_cod_validation,0.2312
74,True,verifier_capability_realization,0.0804
74,True,verifier_ledger_anchor,1.0836
74,True,capability_capability_base_validation,0.0944
74,True,capability_holder_key_resolution,0.666
74,True,capability_challenge_state_check,0.3397
74,True,capability_holder_proof_verification,0.068
74,True,capability_nonce_challenge_state_consumption,1.072
74,True,capability_ledger_anchor,1.057
74,True,ledger_anchor_total_ms,5.7901
75,True,dc1_issuance_http,2.246208
75,True,dc2_delegation_http,2.027
75,True,dc3_downstream_delegation_http,2.257083
75,True,cod_verify_http,3.173292
75,True,total_flow_ms,26.17675
75,True,challenge_issue_http,2.3545
75,True,holder_sign_http,1.036959
75,True,capability_verify_http,4.318584
75,True,holder_bound_access_total_http,7.710043
75,True,verifier_cod_validation,0.2028
75,True,verifier_capability_realization,0.0703
75,True,verifier_ledger_anchor,1.1306
75,True,capability_capability_base_validation,0.0805
75,True,capability_holder_key_resolution,0.736
75,True,capability_challenge_state_check,0.2968
75,True,capability_holder_proof_verification,0.0612
75,True,capability_nonce_challenge_state_consumption,1.1188
75,True,capability_ledger_anchor,1.1981
75,True,ledger_anchor_total_ms,5.956
76,True,dc1_issuance_http,2.387917
76,True,dc2_delegation_http,2.131083
76,True,dc3_downstream_delegation_http,2.275583
76,True,cod_verify_http,3.277375
76,True,total_flow_ms,24.509042
76,True,challenge_issue_http,2.055667
76,True,holder_sign_http,0.87675
76,True,capability_verify_http,4.082792
76,True,holder_bound_access_total_http,7.015209
76,True,verifier_cod_validation,0.214
76,True,verifier_capability_realization,0.0716
76,True,verifier_ledger_anchor,1.173
76,True,capability_capability_base_validation,0.0829
76,True,capability_holder_key_resolution,0.6392
76,True,capability_challenge_state_check,0.3224
76,True,capability_holder_proof_verification,0.064
76,True,capability_nonce_challenge_state_consumption,1.0706
76,True,capability_ledger_anchor,1.0874
76,True,ledger_anchor_total_ms,5.9425
77,True,dc1_issuance_http,2.115084
77,True,dc2_delegation_http,2.048583
77,True,dc3_downstream_delegation_http,2.162208
77,True,cod_verify_http,3.0525
77,True,total_flow_ms,23.503917
77,True,challenge_issue_http,2.056125
77,True,holder_sign_http,0.840875
77,True,capability_verify_http,4.083792
77,True,holder_bound_access_total_http,6.980792
77,True,verifier_cod_validation,0.2187
77,True,verifier_capability_realization,0.0788
77,True,verifier_ledger_anchor,1.0847
77,True,capability_capability_base_validation,0.0796
77,True,capability_holder_key_resolution,0.6703
77,True,capability_challenge_state_check,0.3593
77,True,capability_holder_proof_verification,0.0611
77,True,capability_nonce_challenge_state_consumption,1.0008
77,True,capability_ledger_anchor,1.0867
77,True,ledger_anchor_total_ms,5.6478
78,True,dc1_issuance_http,2.316084
78,True,dc2_delegation_http,2.141792
78,True,dc3_downstream_delegation_http,2.12025
78,True,cod_verify_http,3.050875
78,True,total_flow_ms,23.62425
78,True,challenge_issue_http,2.17575
78,True,holder_sign_http,0.895042
78,True,capability_verify_http,4.172333
78,True,holder_bound_access_total_http,7.243125
78,True,verifier_cod_validation,0.2121
78,True,verifier_capability_realization,0.067
78,True,verifier_ledger_anchor,1.1258
78,True,capability_capability_base_validation,0.0777
78,True,capability_holder_key_resolution,0.7447
78,True,capability_challenge_state_check,0.3191
78,True,capability_holder_proof_verification,0.0607
78,True,capability_nonce_challenge_state_consumption,1.1205
78,True,capability_ledger_anchor,1.0431
78,True,ledger_anchor_total_ms,5.8228
79,True,dc1_issuance_http,2.331791
79,True,dc2_delegation_http,2.028584
79,True,dc3_downstream_delegation_http,2.196334
79,True,cod_verify_http,4.164792
79,True,total_flow_ms,24.547542
79,True,challenge_issue_http,1.976833
79,True,holder_sign_http,0.82825
79,True,capability_verify_http,4.119
79,True,holder_bound_access_total_http,6.924083
79,True,verifier_cod_validation,0.2095
79,True,verifier_capability_realization,0.0671
79,True,verifier_ledger_anchor,1.3435
79,True,capability_capability_base_validation,0.0821
79,True,capability_holder_key_resolution,0.675
79,True,capability_challenge_state_check,0.3435
79,True,capability_holder_proof_verification,0.0612
79,True,capability_nonce_challenge_state_consumption,1.0584
79,True,capability_ledger_anchor,1.0547
79,True,ledger_anchor_total_ms,6.0738
80,True,dc1_issuance_http,2.175833
80,True,dc2_delegation_http,1.959417
80,True,dc3_downstream_delegation_http,2.094
80,True,cod_verify_http,3.048208
80,True,total_flow_ms,22.948958
80,True,challenge_issue_http,2.028083
80,True,holder_sign_http,0.837875
80,True,capability_verify_http,3.991
80,True,holder_bound_access_total_http,6.856958
80,True,verifier_cod_validation,0.2003
80,True,verifier_capability_realization,0.0726
80,True,verifier_ledger_anchor,1.1406
80,True,capability_capability_base_validation,0.0777
80,True,capability_holder_key_resolution,0.6254
80,True,capability_challenge_state_check,0.3551
80,True,capability_holder_proof_verification,0.0622
80,True,capability_nonce_challenge_state_consumption,1.0238
80,True,capability_ledger_anchor,1.0857
80,True,ledger_anchor_total_ms,5.5849
81,True,dc1_issuance_http,2.2685
81,True,dc2_delegation_http,2.034042
81,True,dc3_downstream_delegation_http,2.147584
81,True,cod_verify_http,3.0815
81,True,total_flow_ms,23.558292
81,True,challenge_issue_http,2.019292
81,True,holder_sign_http,0.889917
81,True,capability_verify_http,4.096292
81,True,holder_bound_access_total_http,7.005501
81,True,verifier_cod_validation,0.206
81,True,verifier_capability_realization,0.065
81,True,verifier_ledger_anchor,1.1461
81,True,capability_capability_base_validation,0.0749
81,True,capability_holder_key_resolution,0.6577
81,True,capability_challenge_state_check,0.3284
81,True,capability_holder_proof_verification,0.0872
81,True,capability_nonce_challenge_state_consumption,1.0878
81,True,capability_ledger_anchor,1.0772
81,True,ledger_anchor_total_ms,5.804
82,True,dc1_issuance_http,2.404958
82,True,dc2_delegation_http,2.07975
82,True,dc3_downstream_delegation_http,2.185209
82,True,cod_verify_http,3.172334
82,True,total_flow_ms,23.7605
82,True,challenge_issue_http,1.949667
82,True,holder_sign_http,0.8405
82,True,capability_verify_http,4.107917
82,True,holder_bound_access_total_http,6.898084
82,True,verifier_cod_validation,0.2062
82,True,verifier_capability_realization,0.0738
82,True,verifier_ledger_anchor,1.1569
82,True,capability_capability_base_validation,0.0803
82,True,capability_holder_key_resolution,0.6473
82,True,capability_challenge_state_check,0.334
82,True,capability_holder_proof_verification,0.0626
82,True,capability_nonce_challenge_state_consumption,1.0893
82,True,capability_ledger_anchor,1.0581
82,True,ledger_anchor_total_ms,5.9425
83,True,dc1_issuance_http,2.398375
83,True,dc2_delegation_http,2.01575
83,True,dc3_downstream_delegation_http,2.27275
83,True,cod_verify_http,3.349167
83,True,total_flow_ms,23.942
83,True,challenge_issue_http,2.031084
83,True,holder_sign_http,0.876208
83,True,capability_verify_http,4.1535
83,True,holder_bound_access_total_http,7.060792
83,True,verifier_cod_validation,0.2013
83,True,verifier_capability_realization,0.0708
83,True,verifier_ledger_anchor,1.1652
83,True,capability_capability_base_validation,0.0752
83,True,capability_holder_key_resolution,0.6637
83,True,capability_challenge_state_check,0.3311
83,True,capability_holder_proof_verification,0.0654
83,True,capability_nonce_challenge_state_consumption,1.1619
83,True,capability_ledger_anchor,1.0621
83,True,ledger_anchor_total_ms,5.9392
84,True,dc1_issuance_http,2.209917
84,True,dc2_delegation_http,2.046
84,True,dc3_downstream_delegation_http,2.161666
84,True,cod_verify_http,3.085417
84,True,total_flow_ms,23.378041
84,True,challenge_issue_http,2.025833
84,True,holder_sign_http,0.810875
84,True,capability_verify_http,4.0815
84,True,holder_bound_access_total_http,6.918208
84,True,verifier_cod_validation,0.2175
84,True,verifier_capability_realization,0.0747
84,True,verifier_ledger_anchor,1.1375
84,True,capability_capability_base_validation,0.0907
84,True,capability_holder_key_resolution,0.6524
84,True,capability_challenge_state_check,0.3244
84,True,capability_holder_proof_verification,0.0697
84,True,capability_nonce_challenge_state_consumption,1.0505
84,True,capability_ledger_anchor,1.0966
84,True,ledger_anchor_total_ms,5.7022
85,True,dc1_issuance_http,2.474834
85,True,dc2_delegation_http,2.059792
85,True,dc3_downstream_delegation_http,2.142125
85,True,cod_verify_http,4.969416
85,True,total_flow_ms,25.62225
85,True,challenge_issue_http,2.050833
85,True,holder_sign_http,0.898333
85,True,capability_verify_http,4.112875
85,True,holder_bound_access_total_http,7.062041
85,True,verifier_cod_validation,0.2045
85,True,verifier_capability_realization,0.0721
85,True,verifier_ledger_anchor,2.868
85,True,capability_capability_base_validation,0.0781
85,True,capability_holder_key_resolution,0.677
85,True,capability_challenge_state_check,0.3315
85,True,capability_holder_proof_verification,0.0589
85,True,capability_nonce_challenge_state_consumption,1.0722
85,True,capability_ledger_anchor,1.0885
85,True,ledger_anchor_total_ms,7.7378
86,True,dc1_issuance_http,2.288542
86,True,dc2_delegation_http,2.056542
86,True,dc3_downstream_delegation_http,2.316292
86,True,cod_verify_http,3.205208
86,True,total_flow_ms,23.829583
86,True,challenge_issue_http,1.913
86,True,holder_sign_http,0.840417
86,True,capability_verify_http,4.052833
86,True,holder_bound_access_total_http,6.80625
86,True,verifier_cod_validation,0.2134
86,True,verifier_capability_realization,0.0717
86,True,verifier_ledger_anchor,1.1589
86,True,capability_capability_base_validation,0.0792
86,True,capability_holder_key_resolution,0.6688
86,True,capability_challenge_state_check,0.3322
86,True,capability_holder_proof_verification,0.0622
86,True,capability_nonce_challenge_state_consumption,1.0246
86,True,capability_ledger_anchor,1.0421
86,True,ledger_anchor_total_ms,5.8402
87,True,dc1_issuance_http,2.307875
87,True,dc2_delegation_http,2.070292
87,True,dc3_downstream_delegation_http,2.235
87,True,cod_verify_http,2.971542
87,True,total_flow_ms,23.975667
87,True,challenge_issue_http,2.106
87,True,holder_sign_http,0.851
87,True,capability_verify_http,4.16775
87,True,holder_bound_access_total_http,7.12475
87,True,verifier_cod_validation,0.2054
87,True,verifier_capability_realization,0.0668
87,True,verifier_ledger_anchor,1.0741
87,True,capability_capability_base_validation,0.0783
87,True,capability_holder_key_resolution,0.6449
87,True,capability_challenge_state_check,0.3683
87,True,capability_holder_proof_verification,0.0657
87,True,capability_nonce_challenge_state_consumption,1.0839
87,True,capability_ledger_anchor,1.0436
87,True,ledger_anchor_total_ms,5.7444
88,True,dc1_issuance_http,2.291333
88,True,dc2_delegation_http,2.239583
88,True,dc3_downstream_delegation_http,2.202083
88,True,cod_verify_http,3.207625
88,True,total_flow_ms,23.950291
88,True,challenge_issue_http,2.011125
88,True,holder_sign_http,0.852416
88,True,capability_verify_http,4.077583
88,True,holder_bound_access_total_http,6.941124
88,True,verifier_cod_validation,0.2084
88,True,verifier_capability_realization,0.0742
88,True,verifier_ledger_anchor,1.1616
88,True,capability_capability_base_validation,0.0747
88,True,capability_holder_key_resolution,0.6307
88,True,capability_challenge_state_check,0.3265
88,True,capability_holder_proof_verification,0.0592
88,True,capability_nonce_challenge_state_consumption,1.0921
88,True,capability_ledger_anchor,1.0162
88,True,ledger_anchor_total_ms,6.0339
89,True,dc1_issuance_http,2.386875
89,True,dc2_delegation_http,2.071
89,True,dc3_downstream_delegation_http,2.173708
89,True,cod_verify_http,3.033084
89,True,total_flow_ms,23.568
89,True,challenge_issue_http,1.967875
89,True,holder_sign_http,0.873417
89,True,capability_verify_http,4.103042
89,True,holder_bound_access_total_http,6.944334
89,True,verifier_cod_validation,0.2124
89,True,verifier_capability_realization,0.0715
89,True,verifier_ledger_anchor,1.0764
89,True,capability_capability_base_validation,0.0819
89,True,capability_holder_key_resolution,0.6242
89,True,capability_challenge_state_check,0.3624
89,True,capability_holder_proof_verification,0.0624
89,True,capability_nonce_challenge_state_consumption,1.0915
89,True,capability_ledger_anchor,1.0475
89,True,ledger_anchor_total_ms,5.8039
90,True,dc1_issuance_http,2.375708
90,True,dc2_delegation_http,1.962458
90,True,dc3_downstream_delegation_http,2.199625
90,True,cod_verify_http,3.255084
90,True,total_flow_ms,23.601876
90,True,challenge_issue_http,1.967291
90,True,holder_sign_http,0.870416
90,True,capability_verify_http,4.259416
90,True,holder_bound_access_total_http,7.097123
90,True,verifier_cod_validation,0.2082
90,True,verifier_capability_realization,0.0724
90,True,verifier_ledger_anchor,1.1466
90,True,capability_capability_base_validation,0.0815
90,True,capability_holder_key_resolution,0.6913
90,True,capability_challenge_state_check,0.3251
90,True,capability_holder_proof_verification,0.0581
90,True,capability_nonce_challenge_state_consumption,1.1347
90,True,capability_ledger_anchor,1.1085
90,True,ledger_anchor_total_ms,5.9385
91,True,dc1_issuance_http,2.25125
91,True,dc2_delegation_http,2.011375
91,True,dc3_downstream_delegation_http,3.764375
91,True,cod_verify_http,5.22275
91,True,total_flow_ms,28.642791
91,True,challenge_issue_http,2.068208
91,True,holder_sign_http,0.931291
91,True,capability_verify_http,4.240416
91,True,holder_bound_access_total_http,7.239915
91,True,verifier_cod_validation,0.2831
91,True,verifier_capability_realization,0.102
91,True,verifier_ledger_anchor,1.4285
91,True,capability_capability_base_validation,0.0849
91,True,capability_holder_key_resolution,0.6935
91,True,capability_challenge_state_check,0.3491
91,True,capability_holder_proof_verification,0.0663
91,True,capability_nonce_challenge_state_consumption,1.112
91,True,capability_ledger_anchor,1.1193
91,True,ledger_anchor_total_ms,7.5293
92,True,dc1_issuance_http,2.322667
92,True,dc2_delegation_http,2.096958
92,True,dc3_downstream_delegation_http,2.368667
92,True,cod_verify_http,3.195542
92,True,total_flow_ms,25.14175
92,True,challenge_issue_http,2.018417
92,True,holder_sign_http,0.847
92,True,capability_verify_http,4.770041
92,True,holder_bound_access_total_http,7.635458
92,True,verifier_cod_validation,0.2142
92,True,verifier_capability_realization,0.0659
92,True,verifier_ledger_anchor,1.18
92,True,capability_capability_base_validation,0.0762
92,True,capability_holder_key_resolution,0.6162
92,True,capability_challenge_state_check,0.3157
92,True,capability_holder_proof_verification,0.0585
92,True,capability_nonce_challenge_state_consumption,1.4971
92,True,capability_ledger_anchor,1.3552
92,True,ledger_anchor_total_ms,6.2264
93,True,dc1_issuance_http,2.179125
93,True,dc2_delegation_http,1.932
93,True,dc3_downstream_delegation_http,2.434916
93,True,cod_verify_http,3.285916
93,True,total_flow_ms,24.344458
93,True,challenge_issue_http,2.062042
93,True,holder_sign_http,0.947083
93,True,capability_verify_http,4.491917
93,True,holder_bound_access_total_http,7.501042
93,True,verifier_cod_validation,0.2277
93,True,verifier_capability_realization,0.0683
93,True,verifier_ledger_anchor,1.182
93,True,capability_capability_base_validation,0.0809
93,True,capability_holder_key_resolution,0.7478
93,True,capability_challenge_state_check,0.3622
93,True,capability_holder_proof_verification,0.0652
93,True,capability_nonce_challenge_state_consumption,1.186
93,True,capability_ledger_anchor,1.1288
93,True,ledger_anchor_total_ms,5.8914
94,True,dc1_issuance_http,2.240083
94,True,dc2_delegation_http,2.058958
94,True,dc3_downstream_delegation_http,2.355
94,True,cod_verify_http,3.087583
94,True,total_flow_ms,24.306917
94,True,challenge_issue_http,1.944917
94,True,holder_sign_http,0.824
94,True,capability_verify_http,4.337458
94,True,holder_bound_access_total_http,7.106375
94,True,verifier_cod_validation,0.2244
94,True,verifier_capability_realization,0.0772
94,True,verifier_ledger_anchor,1.1067
94,True,capability_capability_base_validation,0.0999
94,True,capability_holder_key_resolution,0.7266
94,True,capability_challenge_state_check,0.3405
94,True,capability_holder_proof_verification,0.0618
94,True,capability_nonce_challenge_state_consumption,1.0953
94,True,capability_ledger_anchor,1.0893
94,True,ledger_anchor_total_ms,5.8361
95,True,dc1_issuance_http,2.136375
95,True,dc2_delegation_http,2.064792
95,True,dc3_downstream_delegation_http,2.334917
95,True,cod_verify_http,3.214
95,True,total_flow_ms,23.760125
95,True,challenge_issue_http,2.001792
95,True,holder_sign_http,0.834375
95,True,capability_verify_http,4.329833
95,True,holder_bound_access_total_http,7.166
95,True,verifier_cod_validation,0.2132
95,True,verifier_capability_realization,0.0666
95,True,verifier_ledger_anchor,1.1498
95,True,capability_capability_base_validation,0.0813
95,True,capability_holder_key_resolution,0.7026
95,True,capability_challenge_state_check,0.3081
95,True,capability_holder_proof_verification,0.0535
95,True,capability_nonce_challenge_state_consumption,1.0843
95,True,capability_ledger_anchor,1.2751
95,True,ledger_anchor_total_ms,6.0167
96,True,dc1_issuance_http,2.200333
96,True,dc2_delegation_http,1.984666
96,True,dc3_downstream_delegation_http,2.37525
96,True,cod_verify_http,3.131375
96,True,total_flow_ms,23.444333
96,True,challenge_issue_http,1.938042
96,True,holder_sign_http,0.846542
96,True,capability_verify_http,4.221833
96,True,holder_bound_access_total_http,7.006417
96,True,verifier_cod_validation,0.2032
96,True,verifier_capability_realization,0.0649
96,True,verifier_ledger_anchor,1.1407
96,True,capability_capability_base_validation,0.0754
96,True,capability_holder_key_resolution,0.6235
96,True,capability_challenge_state_check,0.3072
96,True,capability_holder_proof_verification,0.0594
96,True,capability_nonce_challenge_state_consumption,1.1396
96,True,capability_ledger_anchor,1.205
96,True,ledger_anchor_total_ms,5.968
97,True,dc1_issuance_http,2.204125
97,True,dc2_delegation_http,2.045458
97,True,dc3_downstream_delegation_http,2.393292
97,True,cod_verify_http,3.103375
97,True,total_flow_ms,23.418416
97,True,challenge_issue_http,1.900417
97,True,holder_sign_http,0.808
97,True,capability_verify_http,4.213417
97,True,holder_bound_access_total_http,6.921834
97,True,verifier_cod_validation,0.2343
97,True,verifier_capability_realization,0.0735
97,True,verifier_ledger_anchor,1.1039
97,True,capability_capability_base_validation,0.078
97,True,capability_holder_key_resolution,0.6683
97,True,capability_challenge_state_check,0.3113
97,True,capability_holder_proof_verification,0.0596
97,True,capability_nonce_challenge_state_consumption,1.0306
97,True,capability_ledger_anchor,1.244
97,True,ledger_anchor_total_ms,5.9698
98,True,dc1_issuance_http,2.020583
98,True,dc2_delegation_http,1.92725
98,True,dc3_downstream_delegation_http,2.430416
98,True,cod_verify_http,3.03475
98,True,total_flow_ms,23.32575
98,True,challenge_issue_http,1.917375
98,True,holder_sign_http,0.822459
98,True,capability_verify_http,4.396958
98,True,holder_bound_access_total_http,7.136792
98,True,verifier_cod_validation,0.2292
98,True,verifier_capability_realization,0.0643
98,True,verifier_ledger_anchor,1.0945
98,True,capability_capability_base_validation,0.0766
98,True,capability_holder_key_resolution,0.6741
98,True,capability_challenge_state_check,0.3091
98,True,capability_holder_proof_verification,0.0603
98,True,capability_nonce_challenge_state_consumption,1.137
98,True,capability_ledger_anchor,1.3286
98,True,ledger_anchor_total_ms,6.0004
99,True,dc1_issuance_http,2.148708
99,True,dc2_delegation_http,2.147959
99,True,dc3_downstream_delegation_http,2.38375
99,True,cod_verify_http,3.087333
99,True,total_flow_ms,24.267666
99,True,challenge_issue_http,1.929667
99,True,holder_sign_http,0.838208
99,True,capability_verify_http,4.498209
99,True,holder_bound_access_total_http,7.266084
99,True,verifier_cod_validation,0.2121
99,True,verifier_capability_realization,0.0861
99,True,verifier_ledger_anchor,1.1251
99,True,capability_capability_base_validation,0.0851
99,True,capability_holder_key_resolution,0.694
99,True,capability_challenge_state_check,0.4115
99,True,capability_holder_proof_verification,0.0648
99,True,capability_nonce_challenge_state_consumption,1.15
99,True,capability_ledger_anchor,1.1726
99,True,ledger_anchor_total_ms,5.9806
100,True,dc1_issuance_http,2.063333
100,True,dc2_delegation_http,1.981625
100,True,dc3_downstream_delegation_http,2.4315
100,True,cod_verify_http,3.1885
100,True,total_flow_ms,24.098459
100,True,challenge_issue_http,1.936708
100,True,holder_sign_http,0.8595
100,True,capability_verify_http,4.496291
100,True,holder_bound_access_total_http,7.292499
100,True,verifier_cod_validation,0.2142
100,True,verifier_capability_realization,0.0646
100,True,verifier_ledger_anchor,1.1399
100,True,capability_capability_base_validation,0.0855
100,True,capability_holder_key_resolution,0.7128
100,True,capability_challenge_state_check,0.5402
100,True,capability_holder_proof_verification,0.057
100,True,capability_nonce_challenge_state_consumption,1.0468
100,True,capability_ledger_anchor,1.0766
100,True,ledger_anchor_total_ms,5.7282
