session,system,source_commit,depth,iteration,accepted,latency_ms,proof_bytes
10,WAVE,3b90ec17ea9dde89e995a9a46222a93df0f992d4,1,1,true,3.859500000,49026
10,WAVE,3b90ec17ea9dde89e995a9a46222a93df0f992d4,1,2,true,3.706000000,49026
10,WAVE,3b90ec17ea9dde89e995a9a46222a93df0f992d4,1,3,true,3.611041000,49026
10,WAVE,3b90ec17ea9dde89e995a9a46222a93df0f992d4,1,4,true,3.540083000,49026
10,WAVE,3b90ec17ea9dde89e995a9a46222a93df0f992d4,1,5,true,3.413334000,49026
10,WAVE,3b90ec17ea9dde89e995a9a46222a93df0f992d4,1,6,true,3.374000000,49026
10,WAVE,3b90ec17ea9dde89e995a9a46222a93df0f992d4,1,7,true,3.340875000,49026
10,WAVE,3b90ec17ea9dde89e995a9a46222a93df0f992d4,1,8,true,3.551709000,49026
10,WAVE,3b90ec17ea9dde89e995a9a46222a93df0f992d4,1,9,true,3.604792000,49026
10,WAVE,3b90ec17ea9dde89e995a9a46222a93df0f992d4,1,10,true,3.290125000,49026
10,WAVE,3b90ec17ea9dde89e995a9a46222a93df0f992d4,1,11,true,3.241250000,49026
10,WAVE,3b90ec17ea9dde89e995a9a46222a93df0f992d4,1,12,true,3.234875000,49026
10,WAVE,3b90ec17ea9dde89e995a9a46222a93df0f992d4,1,13,true,3.161750000,49026
10,WAVE,3b90ec17ea9dde89e995a9a46222a93df0f992d4,1,14,true,3.139000000,49026
10,WAVE,3b90ec17ea9dde89e995a9a46222a93df0f992d4,1,15,true,3.135917000,49026
10,WAVE,3b90ec17ea9dde89e995a9a46222a93df0f992d4,1,16,true,3.180917000,49026
10,WAVE,3b90ec17ea9dde89e995a9a46222a93df0f992d4,1,17,true,3.182750000,49026
10,WAVE,3b90ec17ea9dde89e995a9a46222a93df0f992d4,1,18,true,3.213584000,49026
10,WAVE,3b90ec17ea9dde89e995a9a46222a93df0f992d4,1,19,true,3.211125000,49026
10,WAVE,3b90ec17ea9dde89e995a9a46222a93df0f992d4,1,20,true,3.260042000,49026
10,WAVE,3b90ec17ea9dde89e995a9a46222a93df0f992d4,1,21,true,3.336208000,49026
10,WAVE,3b90ec17ea9dde89e995a9a46222a93df0f992d4,1,22,true,3.093125000,49026
10,WAVE,3b90ec17ea9dde89e995a9a46222a93df0f992d4,1,23,true,3.162792000,49026
10,WAVE,3b90ec17ea9dde89e995a9a46222a93df0f992d4,1,24,true,3.196916000,49026
10,WAVE,3b90ec17ea9dde89e995a9a46222a93df0f992d4,1,25,true,3.124416000,49026
10,WAVE,3b90ec17ea9dde89e995a9a46222a93df0f992d4,1,26,true,3.048417000,49026
10,WAVE,3b90ec17ea9dde89e995a9a46222a93df0f992d4,1,27,true,3.125667000,49026
10,WAVE,3b90ec17ea9dde89e995a9a46222a93df0f992d4,1,28,true,3.179583000,49026
10,WAVE,3b90ec17ea9dde89e995a9a46222a93df0f992d4,1,29,true,3.296750000,49026
10,WAVE,3b90ec17ea9dde89e995a9a46222a93df0f992d4,1,30,true,3.315625000,49026
10,WAVE,3b90ec17ea9dde89e995a9a46222a93df0f992d4,1,31,true,3.157667000,49026
10,WAVE,3b90ec17ea9dde89e995a9a46222a93df0f992d4,1,32,true,3.203500000,49026
10,WAVE,3b90ec17ea9dde89e995a9a46222a93df0f992d4,1,33,true,3.163625000,49026
10,WAVE,3b90ec17ea9dde89e995a9a46222a93df0f992d4,1,34,true,3.196459000,49026
10,WAVE,3b90ec17ea9dde89e995a9a46222a93df0f992d4,1,35,true,3.187375000,49026
10,WAVE,3b90ec17ea9dde89e995a9a46222a93df0f992d4,1,36,true,3.126750000,49026
10,WAVE,3b90ec17ea9dde89e995a9a46222a93df0f992d4,1,37,true,3.038666000,49026
10,WAVE,3b90ec17ea9dde89e995a9a46222a93df0f992d4,1,38,true,3.257542000,49026
10,WAVE,3b90ec17ea9dde89e995a9a46222a93df0f992d4,1,39,true,3.250083000,49026
10,WAVE,3b90ec17ea9dde89e995a9a46222a93df0f992d4,1,40,true,3.199125000,49026
10,WAVE,3b90ec17ea9dde89e995a9a46222a93df0f992d4,1,41,true,3.215958000,49026
10,WAVE,3b90ec17ea9dde89e995a9a46222a93df0f992d4,1,42,true,3.121958000,49026
10,WAVE,3b90ec17ea9dde89e995a9a46222a93df0f992d4,1,43,true,3.201875000,49026
10,WAVE,3b90ec17ea9dde89e995a9a46222a93df0f992d4,1,44,true,3.191125000,49026
10,WAVE,3b90ec17ea9dde89e995a9a46222a93df0f992d4,1,45,true,3.144458000,49026
10,WAVE,3b90ec17ea9dde89e995a9a46222a93df0f992d4,1,46,true,3.190917000,49026
10,WAVE,3b90ec17ea9dde89e995a9a46222a93df0f992d4,1,47,true,3.159084000,49026
10,WAVE,3b90ec17ea9dde89e995a9a46222a93df0f992d4,1,48,true,3.161792000,49026
10,WAVE,3b90ec17ea9dde89e995a9a46222a93df0f992d4,1,49,true,3.183000000,49026
10,WAVE,3b90ec17ea9dde89e995a9a46222a93df0f992d4,1,50,true,3.188459000,49026
10,WAVE,3b90ec17ea9dde89e995a9a46222a93df0f992d4,1,51,true,3.374167000,49026
10,WAVE,3b90ec17ea9dde89e995a9a46222a93df0f992d4,1,52,true,3.369375000,49026
10,WAVE,3b90ec17ea9dde89e995a9a46222a93df0f992d4,1,53,true,3.261041000,49026
10,WAVE,3b90ec17ea9dde89e995a9a46222a93df0f992d4,1,54,true,3.209667000,49026
10,WAVE,3b90ec17ea9dde89e995a9a46222a93df0f992d4,1,55,true,3.160084000,49026
10,WAVE,3b90ec17ea9dde89e995a9a46222a93df0f992d4,1,56,true,3.125875000,49026
10,WAVE,3b90ec17ea9dde89e995a9a46222a93df0f992d4,1,57,true,3.166541000,49026
10,WAVE,3b90ec17ea9dde89e995a9a46222a93df0f992d4,1,58,true,3.182625000,49026
10,WAVE,3b90ec17ea9dde89e995a9a46222a93df0f992d4,1,59,true,3.139666000,49026
10,WAVE,3b90ec17ea9dde89e995a9a46222a93df0f992d4,1,60,true,3.145958000,49026
10,WAVE,3b90ec17ea9dde89e995a9a46222a93df0f992d4,1,61,true,3.168083000,49026
10,WAVE,3b90ec17ea9dde89e995a9a46222a93df0f992d4,1,62,true,3.237500000,49026
10,WAVE,3b90ec17ea9dde89e995a9a46222a93df0f992d4,1,63,true,3.393083000,49026
10,WAVE,3b90ec17ea9dde89e995a9a46222a93df0f992d4,1,64,true,3.055542000,49026
10,WAVE,3b90ec17ea9dde89e995a9a46222a93df0f992d4,1,65,true,3.180709000,49026
10,WAVE,3b90ec17ea9dde89e995a9a46222a93df0f992d4,1,66,true,3.052458000,49026
10,WAVE,3b90ec17ea9dde89e995a9a46222a93df0f992d4,1,67,true,2.979875000,49026
10,WAVE,3b90ec17ea9dde89e995a9a46222a93df0f992d4,1,68,true,3.105459000,49026
10,WAVE,3b90ec17ea9dde89e995a9a46222a93df0f992d4,1,69,true,3.134167000,49026
10,WAVE,3b90ec17ea9dde89e995a9a46222a93df0f992d4,1,70,true,3.088167000,49026
10,WAVE,3b90ec17ea9dde89e995a9a46222a93df0f992d4,1,71,true,3.289916000,49026
10,WAVE,3b90ec17ea9dde89e995a9a46222a93df0f992d4,1,72,true,3.202709000,49026
10,WAVE,3b90ec17ea9dde89e995a9a46222a93df0f992d4,1,73,true,3.326584000,49026
10,WAVE,3b90ec17ea9dde89e995a9a46222a93df0f992d4,1,74,true,3.302917000,49026
10,WAVE,3b90ec17ea9dde89e995a9a46222a93df0f992d4,1,75,true,3.136250000,49026
10,WAVE,3b90ec17ea9dde89e995a9a46222a93df0f992d4,1,76,true,3.293583000,49026
10,WAVE,3b90ec17ea9dde89e995a9a46222a93df0f992d4,1,77,true,3.765583000,49026
10,WAVE,3b90ec17ea9dde89e995a9a46222a93df0f992d4,1,78,true,3.302084000,49026
10,WAVE,3b90ec17ea9dde89e995a9a46222a93df0f992d4,1,79,true,3.112542000,49026
10,WAVE,3b90ec17ea9dde89e995a9a46222a93df0f992d4,1,80,true,3.340250000,49026
10,WAVE,3b90ec17ea9dde89e995a9a46222a93df0f992d4,1,81,true,3.796792000,49026
10,WAVE,3b90ec17ea9dde89e995a9a46222a93df0f992d4,1,82,true,3.420166000,49026
10,WAVE,3b90ec17ea9dde89e995a9a46222a93df0f992d4,1,83,true,3.415500000,49026
10,WAVE,3b90ec17ea9dde89e995a9a46222a93df0f992d4,1,84,true,3.688125000,49026
10,WAVE,3b90ec17ea9dde89e995a9a46222a93df0f992d4,1,85,true,3.436208000,49026
10,WAVE,3b90ec17ea9dde89e995a9a46222a93df0f992d4,1,86,true,3.392916000,49026
10,WAVE,3b90ec17ea9dde89e995a9a46222a93df0f992d4,1,87,true,3.373875000,49026
10,WAVE,3b90ec17ea9dde89e995a9a46222a93df0f992d4,1,88,true,3.687625000,49026
10,WAVE,3b90ec17ea9dde89e995a9a46222a93df0f992d4,1,89,true,3.669417000,49026
10,WAVE,3b90ec17ea9dde89e995a9a46222a93df0f992d4,1,90,true,3.576791000,49026
10,WAVE,3b90ec17ea9dde89e995a9a46222a93df0f992d4,1,91,true,3.566625000,49026
10,WAVE,3b90ec17ea9dde89e995a9a46222a93df0f992d4,1,92,true,3.419625000,49026
10,WAVE,3b90ec17ea9dde89e995a9a46222a93df0f992d4,1,93,true,3.370500000,49026
10,WAVE,3b90ec17ea9dde89e995a9a46222a93df0f992d4,1,94,true,3.382791000,49026
10,WAVE,3b90ec17ea9dde89e995a9a46222a93df0f992d4,1,95,true,3.527666000,49026
10,WAVE,3b90ec17ea9dde89e995a9a46222a93df0f992d4,1,96,true,3.367833000,49026
10,WAVE,3b90ec17ea9dde89e995a9a46222a93df0f992d4,1,97,true,3.377750000,49026
10,WAVE,3b90ec17ea9dde89e995a9a46222a93df0f992d4,1,98,true,3.366417000,49026
10,WAVE,3b90ec17ea9dde89e995a9a46222a93df0f992d4,1,99,true,3.380583000,49026
10,WAVE,3b90ec17ea9dde89e995a9a46222a93df0f992d4,1,100,true,3.370125000,49026
10,WAVE,3b90ec17ea9dde89e995a9a46222a93df0f992d4,2,1,true,4.945792000,96035
10,WAVE,3b90ec17ea9dde89e995a9a46222a93df0f992d4,2,2,true,4.958083000,96035
10,WAVE,3b90ec17ea9dde89e995a9a46222a93df0f992d4,2,3,true,5.154333000,96035
10,WAVE,3b90ec17ea9dde89e995a9a46222a93df0f992d4,2,4,true,5.167750000,96035
10,WAVE,3b90ec17ea9dde89e995a9a46222a93df0f992d4,2,5,true,5.104083000,96035
10,WAVE,3b90ec17ea9dde89e995a9a46222a93df0f992d4,2,6,true,5.076542000,96035
10,WAVE,3b90ec17ea9dde89e995a9a46222a93df0f992d4,2,7,true,5.042750000,96035
10,WAVE,3b90ec17ea9dde89e995a9a46222a93df0f992d4,2,8,true,5.036834000,96035
10,WAVE,3b90ec17ea9dde89e995a9a46222a93df0f992d4,2,9,true,5.495292000,96035
10,WAVE,3b90ec17ea9dde89e995a9a46222a93df0f992d4,2,10,true,5.104958000,96035
10,WAVE,3b90ec17ea9dde89e995a9a46222a93df0f992d4,2,11,true,5.016750000,96035
10,WAVE,3b90ec17ea9dde89e995a9a46222a93df0f992d4,2,12,true,5.035000000,96035
10,WAVE,3b90ec17ea9dde89e995a9a46222a93df0f992d4,2,13,true,5.016542000,96035
10,WAVE,3b90ec17ea9dde89e995a9a46222a93df0f992d4,2,14,true,5.185292000,96035
10,WAVE,3b90ec17ea9dde89e995a9a46222a93df0f992d4,2,15,true,5.366625000,96035
10,WAVE,3b90ec17ea9dde89e995a9a46222a93df0f992d4,2,16,true,5.106000000,96035
10,WAVE,3b90ec17ea9dde89e995a9a46222a93df0f992d4,2,17,true,5.079416000,96035
10,WAVE,3b90ec17ea9dde89e995a9a46222a93df0f992d4,2,18,true,5.052250000,96035
10,WAVE,3b90ec17ea9dde89e995a9a46222a93df0f992d4,2,19,true,5.030666000,96035
10,WAVE,3b90ec17ea9dde89e995a9a46222a93df0f992d4,2,20,true,5.040792000,96035
10,WAVE,3b90ec17ea9dde89e995a9a46222a93df0f992d4,2,21,true,5.472417000,96035
10,WAVE,3b90ec17ea9dde89e995a9a46222a93df0f992d4,2,22,true,5.296875000,96035
10,WAVE,3b90ec17ea9dde89e995a9a46222a93df0f992d4,2,23,true,4.995125000,96035
10,WAVE,3b90ec17ea9dde89e995a9a46222a93df0f992d4,2,24,true,4.981958000,96035
10,WAVE,3b90ec17ea9dde89e995a9a46222a93df0f992d4,2,25,true,5.016583000,96035
10,WAVE,3b90ec17ea9dde89e995a9a46222a93df0f992d4,2,26,true,5.076875000,96035
10,WAVE,3b90ec17ea9dde89e995a9a46222a93df0f992d4,2,27,true,5.262750000,96035
10,WAVE,3b90ec17ea9dde89e995a9a46222a93df0f992d4,2,28,true,5.156500000,96035
10,WAVE,3b90ec17ea9dde89e995a9a46222a93df0f992d4,2,29,true,5.047208000,96035
10,WAVE,3b90ec17ea9dde89e995a9a46222a93df0f992d4,2,30,true,5.026459000,96035
10,WAVE,3b90ec17ea9dde89e995a9a46222a93df0f992d4,2,31,true,5.042292000,96035
10,WAVE,3b90ec17ea9dde89e995a9a46222a93df0f992d4,2,32,true,5.019334000,96035
10,WAVE,3b90ec17ea9dde89e995a9a46222a93df0f992d4,2,33,true,5.138167000,96035
10,WAVE,3b90ec17ea9dde89e995a9a46222a93df0f992d4,2,34,true,5.022375000,96035
10,WAVE,3b90ec17ea9dde89e995a9a46222a93df0f992d4,2,35,true,5.108459000,96035
10,WAVE,3b90ec17ea9dde89e995a9a46222a93df0f992d4,2,36,true,4.851917000,96035
10,WAVE,3b90ec17ea9dde89e995a9a46222a93df0f992d4,2,37,true,5.031375000,96035
10,WAVE,3b90ec17ea9dde89e995a9a46222a93df0f992d4,2,38,true,5.175875000,96035
10,WAVE,3b90ec17ea9dde89e995a9a46222a93df0f992d4,2,39,true,4.920500000,96035
10,WAVE,3b90ec17ea9dde89e995a9a46222a93df0f992d4,2,40,true,4.862625000,96035
10,WAVE,3b90ec17ea9dde89e995a9a46222a93df0f992d4,2,41,true,4.921875000,96035
10,WAVE,3b90ec17ea9dde89e995a9a46222a93df0f992d4,2,42,true,5.013917000,96035
10,WAVE,3b90ec17ea9dde89e995a9a46222a93df0f992d4,2,43,true,5.404167000,96035
10,WAVE,3b90ec17ea9dde89e995a9a46222a93df0f992d4,2,44,true,5.215875000,96035
10,WAVE,3b90ec17ea9dde89e995a9a46222a93df0f992d4,2,45,true,4.888083000,96035
10,WAVE,3b90ec17ea9dde89e995a9a46222a93df0f992d4,2,46,true,4.897584000,96035
10,WAVE,3b90ec17ea9dde89e995a9a46222a93df0f992d4,2,47,true,4.976042000,96035
10,WAVE,3b90ec17ea9dde89e995a9a46222a93df0f992d4,2,48,true,4.994541000,96035
10,WAVE,3b90ec17ea9dde89e995a9a46222a93df0f992d4,2,49,true,5.291083000,96035
10,WAVE,3b90ec17ea9dde89e995a9a46222a93df0f992d4,2,50,true,5.181334000,96035
10,WAVE,3b90ec17ea9dde89e995a9a46222a93df0f992d4,2,51,true,5.118834000,96035
10,WAVE,3b90ec17ea9dde89e995a9a46222a93df0f992d4,2,52,true,5.056334000,96035
10,WAVE,3b90ec17ea9dde89e995a9a46222a93df0f992d4,2,53,true,5.049792000,96035
10,WAVE,3b90ec17ea9dde89e995a9a46222a93df0f992d4,2,54,true,5.004416000,96035
10,WAVE,3b90ec17ea9dde89e995a9a46222a93df0f992d4,2,55,true,5.129792000,96035
10,WAVE,3b90ec17ea9dde89e995a9a46222a93df0f992d4,2,56,true,5.013458000,96035
10,WAVE,3b90ec17ea9dde89e995a9a46222a93df0f992d4,2,57,true,4.825833000,96035
10,WAVE,3b90ec17ea9dde89e995a9a46222a93df0f992d4,2,58,true,4.791791000,96035
10,WAVE,3b90ec17ea9dde89e995a9a46222a93df0f992d4,2,59,true,4.942084000,96035
10,WAVE,3b90ec17ea9dde89e995a9a46222a93df0f992d4,2,60,true,5.125333000,96035
10,WAVE,3b90ec17ea9dde89e995a9a46222a93df0f992d4,2,61,true,5.210541000,96035
10,WAVE,3b90ec17ea9dde89e995a9a46222a93df0f992d4,2,62,true,5.128875000,96035
10,WAVE,3b90ec17ea9dde89e995a9a46222a93df0f992d4,2,63,true,5.021167000,96035
10,WAVE,3b90ec17ea9dde89e995a9a46222a93df0f992d4,2,64,true,5.065834000,96035
10,WAVE,3b90ec17ea9dde89e995a9a46222a93df0f992d4,2,65,true,5.031084000,96035
10,WAVE,3b90ec17ea9dde89e995a9a46222a93df0f992d4,2,66,true,5.044250000,96035
10,WAVE,3b90ec17ea9dde89e995a9a46222a93df0f992d4,2,67,true,5.373625000,96035
10,WAVE,3b90ec17ea9dde89e995a9a46222a93df0f992d4,2,68,true,5.174416000,96035
10,WAVE,3b90ec17ea9dde89e995a9a46222a93df0f992d4,2,69,true,5.094750000,96035
10,WAVE,3b90ec17ea9dde89e995a9a46222a93df0f992d4,2,70,true,5.033667000,96035
10,WAVE,3b90ec17ea9dde89e995a9a46222a93df0f992d4,2,71,true,5.036208000,96035
10,WAVE,3b90ec17ea9dde89e995a9a46222a93df0f992d4,2,72,true,5.186417000,96035
10,WAVE,3b90ec17ea9dde89e995a9a46222a93df0f992d4,2,73,true,5.030042000,96035
10,WAVE,3b90ec17ea9dde89e995a9a46222a93df0f992d4,2,74,true,4.922583000,96035
10,WAVE,3b90ec17ea9dde89e995a9a46222a93df0f992d4,2,75,true,4.953792000,96035
10,WAVE,3b90ec17ea9dde89e995a9a46222a93df0f992d4,2,76,true,4.950916000,96035
10,WAVE,3b90ec17ea9dde89e995a9a46222a93df0f992d4,2,77,true,4.941083000,96035
10,WAVE,3b90ec17ea9dde89e995a9a46222a93df0f992d4,2,78,true,4.961667000,96035
10,WAVE,3b90ec17ea9dde89e995a9a46222a93df0f992d4,2,79,true,5.268416000,96035
10,WAVE,3b90ec17ea9dde89e995a9a46222a93df0f992d4,2,80,true,5.112125000,96035
10,WAVE,3b90ec17ea9dde89e995a9a46222a93df0f992d4,2,81,true,4.805417000,96035
10,WAVE,3b90ec17ea9dde89e995a9a46222a93df0f992d4,2,82,true,4.945667000,96035
10,WAVE,3b90ec17ea9dde89e995a9a46222a93df0f992d4,2,83,true,5.001584000,96035
10,WAVE,3b90ec17ea9dde89e995a9a46222a93df0f992d4,2,84,true,5.032834000,96035
10,WAVE,3b90ec17ea9dde89e995a9a46222a93df0f992d4,2,85,true,5.319209000,96035
10,WAVE,3b90ec17ea9dde89e995a9a46222a93df0f992d4,2,86,true,5.025709000,96035
10,WAVE,3b90ec17ea9dde89e995a9a46222a93df0f992d4,2,87,true,5.095709000,96035
10,WAVE,3b90ec17ea9dde89e995a9a46222a93df0f992d4,2,88,true,4.785167000,96035
10,WAVE,3b90ec17ea9dde89e995a9a46222a93df0f992d4,2,89,true,5.098458000,96035
10,WAVE,3b90ec17ea9dde89e995a9a46222a93df0f992d4,2,90,true,5.060416000,96035
10,WAVE,3b90ec17ea9dde89e995a9a46222a93df0f992d4,2,91,true,4.991917000,96035
10,WAVE,3b90ec17ea9dde89e995a9a46222a93df0f992d4,2,92,true,5.006334000,96035
10,WAVE,3b90ec17ea9dde89e995a9a46222a93df0f992d4,2,93,true,5.023834000,96035
10,WAVE,3b90ec17ea9dde89e995a9a46222a93df0f992d4,2,94,true,5.030209000,96035
10,WAVE,3b90ec17ea9dde89e995a9a46222a93df0f992d4,2,95,true,5.265750000,96035
10,WAVE,3b90ec17ea9dde89e995a9a46222a93df0f992d4,2,96,true,5.167833000,96035
10,WAVE,3b90ec17ea9dde89e995a9a46222a93df0f992d4,2,97,true,4.831375000,96035
10,WAVE,3b90ec17ea9dde89e995a9a46222a93df0f992d4,2,98,true,4.907292000,96035
10,WAVE,3b90ec17ea9dde89e995a9a46222a93df0f992d4,2,99,true,4.902584000,96035
10,WAVE,3b90ec17ea9dde89e995a9a46222a93df0f992d4,2,100,true,4.961167000,96035
10,WAVE,3b90ec17ea9dde89e995a9a46222a93df0f992d4,3,1,true,6.842958000,143040
10,WAVE,3b90ec17ea9dde89e995a9a46222a93df0f992d4,3,2,true,7.354000000,143040
10,WAVE,3b90ec17ea9dde89e995a9a46222a93df0f992d4,3,3,true,7.047833000,143040
10,WAVE,3b90ec17ea9dde89e995a9a46222a93df0f992d4,3,4,true,6.918708000,143040
10,WAVE,3b90ec17ea9dde89e995a9a46222a93df0f992d4,3,5,true,6.933416000,143040
10,WAVE,3b90ec17ea9dde89e995a9a46222a93df0f992d4,3,6,true,6.922292000,143040
10,WAVE,3b90ec17ea9dde89e995a9a46222a93df0f992d4,3,7,true,7.254167000,143040
10,WAVE,3b90ec17ea9dde89e995a9a46222a93df0f992d4,3,8,true,6.884542000,143040
10,WAVE,3b90ec17ea9dde89e995a9a46222a93df0f992d4,3,9,true,6.813167000,143040
10,WAVE,3b90ec17ea9dde89e995a9a46222a93df0f992d4,3,10,true,6.949542000,143040
10,WAVE,3b90ec17ea9dde89e995a9a46222a93df0f992d4,3,11,true,7.145541000,143040
10,WAVE,3b90ec17ea9dde89e995a9a46222a93df0f992d4,3,12,true,7.113708000,143040
10,WAVE,3b90ec17ea9dde89e995a9a46222a93df0f992d4,3,13,true,7.094333000,143040
10,WAVE,3b90ec17ea9dde89e995a9a46222a93df0f992d4,3,14,true,6.990458000,143040
10,WAVE,3b90ec17ea9dde89e995a9a46222a93df0f992d4,3,15,true,7.083416000,143040
10,WAVE,3b90ec17ea9dde89e995a9a46222a93df0f992d4,3,16,true,6.998958000,143040
10,WAVE,3b90ec17ea9dde89e995a9a46222a93df0f992d4,3,17,true,6.867500000,143040
10,WAVE,3b90ec17ea9dde89e995a9a46222a93df0f992d4,3,18,true,6.519000000,143040
10,WAVE,3b90ec17ea9dde89e995a9a46222a93df0f992d4,3,19,true,7.187833000,143040
10,WAVE,3b90ec17ea9dde89e995a9a46222a93df0f992d4,3,20,true,6.923417000,143040
10,WAVE,3b90ec17ea9dde89e995a9a46222a93df0f992d4,3,21,true,6.871250000,143040
10,WAVE,3b90ec17ea9dde89e995a9a46222a93df0f992d4,3,22,true,6.889625000,143040
10,WAVE,3b90ec17ea9dde89e995a9a46222a93df0f992d4,3,23,true,7.159459000,143040
10,WAVE,3b90ec17ea9dde89e995a9a46222a93df0f992d4,3,24,true,6.793041000,143040
10,WAVE,3b90ec17ea9dde89e995a9a46222a93df0f992d4,3,25,true,6.866708000,143040
10,WAVE,3b90ec17ea9dde89e995a9a46222a93df0f992d4,3,26,true,6.914291000,143040
10,WAVE,3b90ec17ea9dde89e995a9a46222a93df0f992d4,3,27,true,7.111208000,143040
10,WAVE,3b90ec17ea9dde89e995a9a46222a93df0f992d4,3,28,true,6.843084000,143040
10,WAVE,3b90ec17ea9dde89e995a9a46222a93df0f992d4,3,29,true,6.919167000,143040
10,WAVE,3b90ec17ea9dde89e995a9a46222a93df0f992d4,3,30,true,6.871916000,143040
10,WAVE,3b90ec17ea9dde89e995a9a46222a93df0f992d4,3,31,true,7.176208000,143040
10,WAVE,3b90ec17ea9dde89e995a9a46222a93df0f992d4,3,32,true,7.112417000,143040
10,WAVE,3b90ec17ea9dde89e995a9a46222a93df0f992d4,3,33,true,6.908542000,143040
10,WAVE,3b90ec17ea9dde89e995a9a46222a93df0f992d4,3,34,true,6.955791000,143040
10,WAVE,3b90ec17ea9dde89e995a9a46222a93df0f992d4,3,35,true,7.123333000,143040
10,WAVE,3b90ec17ea9dde89e995a9a46222a93df0f992d4,3,36,true,6.836459000,143040
10,WAVE,3b90ec17ea9dde89e995a9a46222a93df0f992d4,3,37,true,6.855167000,143040
10,WAVE,3b90ec17ea9dde89e995a9a46222a93df0f992d4,3,38,true,6.851875000,143040
10,WAVE,3b90ec17ea9dde89e995a9a46222a93df0f992d4,3,39,true,7.137875000,143040
10,WAVE,3b90ec17ea9dde89e995a9a46222a93df0f992d4,3,40,true,7.085417000,143040
10,WAVE,3b90ec17ea9dde89e995a9a46222a93df0f992d4,3,41,true,6.964333000,143040
10,WAVE,3b90ec17ea9dde89e995a9a46222a93df0f992d4,3,42,true,6.946750000,143040
10,WAVE,3b90ec17ea9dde89e995a9a46222a93df0f992d4,3,43,true,7.034209000,143040
10,WAVE,3b90ec17ea9dde89e995a9a46222a93df0f992d4,3,44,true,7.011833000,143040
10,WAVE,3b90ec17ea9dde89e995a9a46222a93df0f992d4,3,45,true,6.925875000,143040
10,WAVE,3b90ec17ea9dde89e995a9a46222a93df0f992d4,3,46,true,6.994959000,143040
10,WAVE,3b90ec17ea9dde89e995a9a46222a93df0f992d4,3,47,true,7.244917000,143040
10,WAVE,3b90ec17ea9dde89e995a9a46222a93df0f992d4,3,48,true,7.112292000,143040
10,WAVE,3b90ec17ea9dde89e995a9a46222a93df0f992d4,3,49,true,6.984292000,143040
10,WAVE,3b90ec17ea9dde89e995a9a46222a93df0f992d4,3,50,true,6.974167000,143040
10,WAVE,3b90ec17ea9dde89e995a9a46222a93df0f992d4,3,51,true,7.404209000,143040
10,WAVE,3b90ec17ea9dde89e995a9a46222a93df0f992d4,3,52,true,7.110584000,143040
10,WAVE,3b90ec17ea9dde89e995a9a46222a93df0f992d4,3,53,true,7.046667000,143040
10,WAVE,3b90ec17ea9dde89e995a9a46222a93df0f992d4,3,54,true,7.171584000,143040
10,WAVE,3b90ec17ea9dde89e995a9a46222a93df0f992d4,3,55,true,7.295959000,143040
10,WAVE,3b90ec17ea9dde89e995a9a46222a93df0f992d4,3,56,true,7.064375000,143040
10,WAVE,3b90ec17ea9dde89e995a9a46222a93df0f992d4,3,57,true,6.731333000,143040
10,WAVE,3b90ec17ea9dde89e995a9a46222a93df0f992d4,3,58,true,6.840291000,143040
10,WAVE,3b90ec17ea9dde89e995a9a46222a93df0f992d4,3,59,true,6.843792000,143040
10,WAVE,3b90ec17ea9dde89e995a9a46222a93df0f992d4,3,60,true,6.788000000,143040
10,WAVE,3b90ec17ea9dde89e995a9a46222a93df0f992d4,3,61,true,6.881541000,143040
10,WAVE,3b90ec17ea9dde89e995a9a46222a93df0f992d4,3,62,true,7.179291000,143040
10,WAVE,3b90ec17ea9dde89e995a9a46222a93df0f992d4,3,63,true,6.852375000,143040
10,WAVE,3b90ec17ea9dde89e995a9a46222a93df0f992d4,3,64,true,6.834292000,143040
10,WAVE,3b90ec17ea9dde89e995a9a46222a93df0f992d4,3,65,true,7.285958000,143040
10,WAVE,3b90ec17ea9dde89e995a9a46222a93df0f992d4,3,66,true,6.903916000,143040
10,WAVE,3b90ec17ea9dde89e995a9a46222a93df0f992d4,3,67,true,6.903416000,143040
10,WAVE,3b90ec17ea9dde89e995a9a46222a93df0f992d4,3,68,true,6.970917000,143040
10,WAVE,3b90ec17ea9dde89e995a9a46222a93df0f992d4,3,69,true,7.166334000,143040
10,WAVE,3b90ec17ea9dde89e995a9a46222a93df0f992d4,3,70,true,7.006708000,143040
10,WAVE,3b90ec17ea9dde89e995a9a46222a93df0f992d4,3,71,true,6.942000000,143040
10,WAVE,3b90ec17ea9dde89e995a9a46222a93df0f992d4,3,72,true,7.008791000,143040
10,WAVE,3b90ec17ea9dde89e995a9a46222a93df0f992d4,3,73,true,7.279292000,143040
10,WAVE,3b90ec17ea9dde89e995a9a46222a93df0f992d4,3,74,true,7.206417000,143040
10,WAVE,3b90ec17ea9dde89e995a9a46222a93df0f992d4,3,75,true,7.041834000,143040
10,WAVE,3b90ec17ea9dde89e995a9a46222a93df0f992d4,3,76,true,6.988166000,143040
10,WAVE,3b90ec17ea9dde89e995a9a46222a93df0f992d4,3,77,true,7.243083000,143040
10,WAVE,3b90ec17ea9dde89e995a9a46222a93df0f992d4,3,78,true,7.048833000,143040
10,WAVE,3b90ec17ea9dde89e995a9a46222a93df0f992d4,3,79,true,7.030500000,143040
10,WAVE,3b90ec17ea9dde89e995a9a46222a93df0f992d4,3,80,true,6.988125000,143040
10,WAVE,3b90ec17ea9dde89e995a9a46222a93df0f992d4,3,81,true,7.221208000,143040
10,WAVE,3b90ec17ea9dde89e995a9a46222a93df0f992d4,3,82,true,6.933625000,143040
10,WAVE,3b90ec17ea9dde89e995a9a46222a93df0f992d4,3,83,true,6.850292000,143040
10,WAVE,3b90ec17ea9dde89e995a9a46222a93df0f992d4,3,84,true,6.685709000,143040
10,WAVE,3b90ec17ea9dde89e995a9a46222a93df0f992d4,3,85,true,6.950250000,143040
10,WAVE,3b90ec17ea9dde89e995a9a46222a93df0f992d4,3,86,true,7.214334000,143040
10,WAVE,3b90ec17ea9dde89e995a9a46222a93df0f992d4,3,87,true,6.759792000,143040
10,WAVE,3b90ec17ea9dde89e995a9a46222a93df0f992d4,3,88,true,6.764834000,143040
10,WAVE,3b90ec17ea9dde89e995a9a46222a93df0f992d4,3,89,true,6.839750000,143040
10,WAVE,3b90ec17ea9dde89e995a9a46222a93df0f992d4,3,90,true,7.073667000,143040
10,WAVE,3b90ec17ea9dde89e995a9a46222a93df0f992d4,3,91,true,6.909958000,143040
10,WAVE,3b90ec17ea9dde89e995a9a46222a93df0f992d4,3,92,true,6.888125000,143040
10,WAVE,3b90ec17ea9dde89e995a9a46222a93df0f992d4,3,93,true,6.898375000,143040
10,WAVE,3b90ec17ea9dde89e995a9a46222a93df0f992d4,3,94,true,7.207708000,143040
10,WAVE,3b90ec17ea9dde89e995a9a46222a93df0f992d4,3,95,true,6.883584000,143040
10,WAVE,3b90ec17ea9dde89e995a9a46222a93df0f992d4,3,96,true,6.878917000,143040
10,WAVE,3b90ec17ea9dde89e995a9a46222a93df0f992d4,3,97,true,6.950958000,143040
10,WAVE,3b90ec17ea9dde89e995a9a46222a93df0f992d4,3,98,true,7.237750000,143040
10,WAVE,3b90ec17ea9dde89e995a9a46222a93df0f992d4,3,99,true,7.094375000,143040
10,WAVE,3b90ec17ea9dde89e995a9a46222a93df0f992d4,3,100,true,6.731166000,143040
10,WAVE,3b90ec17ea9dde89e995a9a46222a93df0f992d4,5,1,true,11.329791000,237050
10,WAVE,3b90ec17ea9dde89e995a9a46222a93df0f992d4,5,2,true,10.441875000,237050
10,WAVE,3b90ec17ea9dde89e995a9a46222a93df0f992d4,5,3,true,10.697000000,237050
10,WAVE,3b90ec17ea9dde89e995a9a46222a93df0f992d4,5,4,true,10.514791000,237050
10,WAVE,3b90ec17ea9dde89e995a9a46222a93df0f992d4,5,5,true,10.702625000,237050
10,WAVE,3b90ec17ea9dde89e995a9a46222a93df0f992d4,5,6,true,10.878792000,237050
10,WAVE,3b90ec17ea9dde89e995a9a46222a93df0f992d4,5,7,true,10.723666000,237050
10,WAVE,3b90ec17ea9dde89e995a9a46222a93df0f992d4,5,8,true,10.822333000,237050
10,WAVE,3b90ec17ea9dde89e995a9a46222a93df0f992d4,5,9,true,10.891416000,237050
10,WAVE,3b90ec17ea9dde89e995a9a46222a93df0f992d4,5,10,true,10.310541000,237050
10,WAVE,3b90ec17ea9dde89e995a9a46222a93df0f992d4,5,11,true,10.803000000,237050
10,WAVE,3b90ec17ea9dde89e995a9a46222a93df0f992d4,5,12,true,10.691458000,237050
10,WAVE,3b90ec17ea9dde89e995a9a46222a93df0f992d4,5,13,true,10.534041000,237050
10,WAVE,3b90ec17ea9dde89e995a9a46222a93df0f992d4,5,14,true,10.728458000,237050
10,WAVE,3b90ec17ea9dde89e995a9a46222a93df0f992d4,5,15,true,10.769292000,237050
10,WAVE,3b90ec17ea9dde89e995a9a46222a93df0f992d4,5,16,true,11.429208000,237050
10,WAVE,3b90ec17ea9dde89e995a9a46222a93df0f992d4,5,17,true,10.410208000,237050
10,WAVE,3b90ec17ea9dde89e995a9a46222a93df0f992d4,5,18,true,10.746417000,237050
10,WAVE,3b90ec17ea9dde89e995a9a46222a93df0f992d4,5,19,true,10.500750000,237050
10,WAVE,3b90ec17ea9dde89e995a9a46222a93df0f992d4,5,20,true,10.359208000,237050
10,WAVE,3b90ec17ea9dde89e995a9a46222a93df0f992d4,5,21,true,11.262541000,237050
10,WAVE,3b90ec17ea9dde89e995a9a46222a93df0f992d4,5,22,true,10.374750000,237050
10,WAVE,3b90ec17ea9dde89e995a9a46222a93df0f992d4,5,23,true,10.486792000,237050
10,WAVE,3b90ec17ea9dde89e995a9a46222a93df0f992d4,5,24,true,11.399084000,237050
10,WAVE,3b90ec17ea9dde89e995a9a46222a93df0f992d4,5,25,true,10.832417000,237050
10,WAVE,3b90ec17ea9dde89e995a9a46222a93df0f992d4,5,26,true,10.862000000,237050
10,WAVE,3b90ec17ea9dde89e995a9a46222a93df0f992d4,5,27,true,11.063375000,237050
10,WAVE,3b90ec17ea9dde89e995a9a46222a93df0f992d4,5,28,true,11.236875000,237050
10,WAVE,3b90ec17ea9dde89e995a9a46222a93df0f992d4,5,29,true,10.405042000,237050
10,WAVE,3b90ec17ea9dde89e995a9a46222a93df0f992d4,5,30,true,10.703250000,237050
10,WAVE,3b90ec17ea9dde89e995a9a46222a93df0f992d4,5,31,true,10.476459000,237050
10,WAVE,3b90ec17ea9dde89e995a9a46222a93df0f992d4,5,32,true,10.843167000,237050
10,WAVE,3b90ec17ea9dde89e995a9a46222a93df0f992d4,5,33,true,11.279375000,237050
10,WAVE,3b90ec17ea9dde89e995a9a46222a93df0f992d4,5,34,true,10.902291000,237050
10,WAVE,3b90ec17ea9dde89e995a9a46222a93df0f992d4,5,35,true,10.913167000,237050
10,WAVE,3b90ec17ea9dde89e995a9a46222a93df0f992d4,5,36,true,10.846625000,237050
10,WAVE,3b90ec17ea9dde89e995a9a46222a93df0f992d4,5,37,true,10.893709000,237050
10,WAVE,3b90ec17ea9dde89e995a9a46222a93df0f992d4,5,38,true,11.031375000,237050
10,WAVE,3b90ec17ea9dde89e995a9a46222a93df0f992d4,5,39,true,10.881208000,237050
10,WAVE,3b90ec17ea9dde89e995a9a46222a93df0f992d4,5,40,true,11.375833000,237050
10,WAVE,3b90ec17ea9dde89e995a9a46222a93df0f992d4,5,41,true,10.887083000,237050
10,WAVE,3b90ec17ea9dde89e995a9a46222a93df0f992d4,5,42,true,10.954208000,237050
10,WAVE,3b90ec17ea9dde89e995a9a46222a93df0f992d4,5,43,true,11.254209000,237050
10,WAVE,3b90ec17ea9dde89e995a9a46222a93df0f992d4,5,44,true,11.005417000,237050
10,WAVE,3b90ec17ea9dde89e995a9a46222a93df0f992d4,5,45,true,10.961791000,237050
10,WAVE,3b90ec17ea9dde89e995a9a46222a93df0f992d4,5,46,true,10.709333000,237050
10,WAVE,3b90ec17ea9dde89e995a9a46222a93df0f992d4,5,47,true,10.986750000,237050
10,WAVE,3b90ec17ea9dde89e995a9a46222a93df0f992d4,5,48,true,10.845000000,237050
10,WAVE,3b90ec17ea9dde89e995a9a46222a93df0f992d4,5,49,true,10.918209000,237050
10,WAVE,3b90ec17ea9dde89e995a9a46222a93df0f992d4,5,50,true,11.338875000,237050
10,WAVE,3b90ec17ea9dde89e995a9a46222a93df0f992d4,5,51,true,10.854125000,237050
10,WAVE,3b90ec17ea9dde89e995a9a46222a93df0f992d4,5,52,true,10.370875000,237050
10,WAVE,3b90ec17ea9dde89e995a9a46222a93df0f992d4,5,53,true,10.641667000,237050
10,WAVE,3b90ec17ea9dde89e995a9a46222a93df0f992d4,5,54,true,10.629084000,237050
10,WAVE,3b90ec17ea9dde89e995a9a46222a93df0f992d4,5,55,true,11.121875000,237050
10,WAVE,3b90ec17ea9dde89e995a9a46222a93df0f992d4,5,56,true,10.435292000,237050
10,WAVE,3b90ec17ea9dde89e995a9a46222a93df0f992d4,5,57,true,11.035750000,237050
10,WAVE,3b90ec17ea9dde89e995a9a46222a93df0f992d4,5,58,true,10.492375000,237050
10,WAVE,3b90ec17ea9dde89e995a9a46222a93df0f992d4,5,59,true,10.447417000,237050
10,WAVE,3b90ec17ea9dde89e995a9a46222a93df0f992d4,5,60,true,11.070750000,237050
10,WAVE,3b90ec17ea9dde89e995a9a46222a93df0f992d4,5,61,true,10.986417000,237050
10,WAVE,3b90ec17ea9dde89e995a9a46222a93df0f992d4,5,62,true,10.804542000,237050
10,WAVE,3b90ec17ea9dde89e995a9a46222a93df0f992d4,5,63,true,11.328375000,237050
10,WAVE,3b90ec17ea9dde89e995a9a46222a93df0f992d4,5,64,true,10.878000000,237050
10,WAVE,3b90ec17ea9dde89e995a9a46222a93df0f992d4,5,65,true,10.871959000,237050
10,WAVE,3b90ec17ea9dde89e995a9a46222a93df0f992d4,5,66,true,11.078375000,237050
10,WAVE,3b90ec17ea9dde89e995a9a46222a93df0f992d4,5,67,true,11.116125000,237050
10,WAVE,3b90ec17ea9dde89e995a9a46222a93df0f992d4,5,68,true,10.605917000,237050
10,WAVE,3b90ec17ea9dde89e995a9a46222a93df0f992d4,5,69,true,11.249750000,237050
10,WAVE,3b90ec17ea9dde89e995a9a46222a93df0f992d4,5,70,true,11.109125000,237050
10,WAVE,3b90ec17ea9dde89e995a9a46222a93df0f992d4,5,71,true,10.955417000,237050
10,WAVE,3b90ec17ea9dde89e995a9a46222a93df0f992d4,5,72,true,11.302708000,237050
10,WAVE,3b90ec17ea9dde89e995a9a46222a93df0f992d4,5,73,true,10.863542000,237050
10,WAVE,3b90ec17ea9dde89e995a9a46222a93df0f992d4,5,74,true,10.918667000,237050
10,WAVE,3b90ec17ea9dde89e995a9a46222a93df0f992d4,5,75,true,11.103083000,237050
10,WAVE,3b90ec17ea9dde89e995a9a46222a93df0f992d4,5,76,true,10.915083000,237050
10,WAVE,3b90ec17ea9dde89e995a9a46222a93df0f992d4,5,77,true,10.918792000,237050
10,WAVE,3b90ec17ea9dde89e995a9a46222a93df0f992d4,5,78,true,11.181083000,237050
10,WAVE,3b90ec17ea9dde89e995a9a46222a93df0f992d4,5,79,true,11.065458000,237050
10,WAVE,3b90ec17ea9dde89e995a9a46222a93df0f992d4,5,80,true,10.870917000,237050
10,WAVE,3b90ec17ea9dde89e995a9a46222a93df0f992d4,5,81,true,11.123084000,237050
10,WAVE,3b90ec17ea9dde89e995a9a46222a93df0f992d4,5,82,true,10.798208000,237050
10,WAVE,3b90ec17ea9dde89e995a9a46222a93df0f992d4,5,83,true,10.969000000,237050
10,WAVE,3b90ec17ea9dde89e995a9a46222a93df0f992d4,5,84,true,11.299334000,237050
10,WAVE,3b90ec17ea9dde89e995a9a46222a93df0f992d4,5,85,true,10.637166000,237050
10,WAVE,3b90ec17ea9dde89e995a9a46222a93df0f992d4,5,86,true,10.546541000,237050
10,WAVE,3b90ec17ea9dde89e995a9a46222a93df0f992d4,5,87,true,11.128417000,237050
10,WAVE,3b90ec17ea9dde89e995a9a46222a93df0f992d4,5,88,true,10.942167000,237050
10,WAVE,3b90ec17ea9dde89e995a9a46222a93df0f992d4,5,89,true,10.897209000,237050
10,WAVE,3b90ec17ea9dde89e995a9a46222a93df0f992d4,5,90,true,11.270375000,237050
10,WAVE,3b90ec17ea9dde89e995a9a46222a93df0f992d4,5,91,true,10.847000000,237050
10,WAVE,3b90ec17ea9dde89e995a9a46222a93df0f992d4,5,92,true,10.884584000,237050
10,WAVE,3b90ec17ea9dde89e995a9a46222a93df0f992d4,5,93,true,11.529334000,237050
10,WAVE,3b90ec17ea9dde89e995a9a46222a93df0f992d4,5,94,true,10.357042000,237050
10,WAVE,3b90ec17ea9dde89e995a9a46222a93df0f992d4,5,95,true,10.711250000,237050
10,WAVE,3b90ec17ea9dde89e995a9a46222a93df0f992d4,5,96,true,10.942459000,237050
10,WAVE,3b90ec17ea9dde89e995a9a46222a93df0f992d4,5,97,true,10.512459000,237050
10,WAVE,3b90ec17ea9dde89e995a9a46222a93df0f992d4,5,98,true,11.471875000,237050
10,WAVE,3b90ec17ea9dde89e995a9a46222a93df0f992d4,5,99,true,12.016625000,237050
10,WAVE,3b90ec17ea9dde89e995a9a46222a93df0f992d4,5,100,true,11.558083000,237050
10,WAVE,3b90ec17ea9dde89e995a9a46222a93df0f992d4,10,1,true,20.303667000,472075
10,WAVE,3b90ec17ea9dde89e995a9a46222a93df0f992d4,10,2,true,20.562542000,472075
10,WAVE,3b90ec17ea9dde89e995a9a46222a93df0f992d4,10,3,true,20.550334000,472075
10,WAVE,3b90ec17ea9dde89e995a9a46222a93df0f992d4,10,4,true,20.632500000,472075
10,WAVE,3b90ec17ea9dde89e995a9a46222a93df0f992d4,10,5,true,21.080584000,472075
10,WAVE,3b90ec17ea9dde89e995a9a46222a93df0f992d4,10,6,true,21.984375000,472075
10,WAVE,3b90ec17ea9dde89e995a9a46222a93df0f992d4,10,7,true,24.186291000,472075
10,WAVE,3b90ec17ea9dde89e995a9a46222a93df0f992d4,10,8,true,22.984292000,472075
10,WAVE,3b90ec17ea9dde89e995a9a46222a93df0f992d4,10,9,true,23.295292000,472075
10,WAVE,3b90ec17ea9dde89e995a9a46222a93df0f992d4,10,10,true,22.146083000,472075
10,WAVE,3b90ec17ea9dde89e995a9a46222a93df0f992d4,10,11,true,23.624875000,472075
10,WAVE,3b90ec17ea9dde89e995a9a46222a93df0f992d4,10,12,true,21.988916000,472075
10,WAVE,3b90ec17ea9dde89e995a9a46222a93df0f992d4,10,13,true,22.924958000,472075
10,WAVE,3b90ec17ea9dde89e995a9a46222a93df0f992d4,10,14,true,22.655625000,472075
10,WAVE,3b90ec17ea9dde89e995a9a46222a93df0f992d4,10,15,true,20.971042000,472075
10,WAVE,3b90ec17ea9dde89e995a9a46222a93df0f992d4,10,16,true,21.083625000,472075
10,WAVE,3b90ec17ea9dde89e995a9a46222a93df0f992d4,10,17,true,21.297875000,472075
10,WAVE,3b90ec17ea9dde89e995a9a46222a93df0f992d4,10,18,true,20.795041000,472075
10,WAVE,3b90ec17ea9dde89e995a9a46222a93df0f992d4,10,19,true,20.567500000,472075
10,WAVE,3b90ec17ea9dde89e995a9a46222a93df0f992d4,10,20,true,20.433250000,472075
10,WAVE,3b90ec17ea9dde89e995a9a46222a93df0f992d4,10,21,true,20.131584000,472075
10,WAVE,3b90ec17ea9dde89e995a9a46222a93df0f992d4,10,22,true,20.423292000,472075
10,WAVE,3b90ec17ea9dde89e995a9a46222a93df0f992d4,10,23,true,20.609625000,472075
10,WAVE,3b90ec17ea9dde89e995a9a46222a93df0f992d4,10,24,true,20.333000000,472075
10,WAVE,3b90ec17ea9dde89e995a9a46222a93df0f992d4,10,25,true,20.186292000,472075
10,WAVE,3b90ec17ea9dde89e995a9a46222a93df0f992d4,10,26,true,20.457042000,472075
10,WAVE,3b90ec17ea9dde89e995a9a46222a93df0f992d4,10,27,true,19.913458000,472075
10,WAVE,3b90ec17ea9dde89e995a9a46222a93df0f992d4,10,28,true,20.525125000,472075
10,WAVE,3b90ec17ea9dde89e995a9a46222a93df0f992d4,10,29,true,20.035625000,472075
10,WAVE,3b90ec17ea9dde89e995a9a46222a93df0f992d4,10,30,true,20.752917000,472075
10,WAVE,3b90ec17ea9dde89e995a9a46222a93df0f992d4,10,31,true,20.674041000,472075
10,WAVE,3b90ec17ea9dde89e995a9a46222a93df0f992d4,10,32,true,20.531708000,472075
10,WAVE,3b90ec17ea9dde89e995a9a46222a93df0f992d4,10,33,true,20.152125000,472075
10,WAVE,3b90ec17ea9dde89e995a9a46222a93df0f992d4,10,34,true,20.135250000,472075
10,WAVE,3b90ec17ea9dde89e995a9a46222a93df0f992d4,10,35,true,20.378292000,472075
10,WAVE,3b90ec17ea9dde89e995a9a46222a93df0f992d4,10,36,true,20.093250000,472075
10,WAVE,3b90ec17ea9dde89e995a9a46222a93df0f992d4,10,37,true,20.384083000,472075
10,WAVE,3b90ec17ea9dde89e995a9a46222a93df0f992d4,10,38,true,20.656625000,472075
10,WAVE,3b90ec17ea9dde89e995a9a46222a93df0f992d4,10,39,true,19.889000000,472075
10,WAVE,3b90ec17ea9dde89e995a9a46222a93df0f992d4,10,40,true,20.359625000,472075
10,WAVE,3b90ec17ea9dde89e995a9a46222a93df0f992d4,10,41,true,20.147667000,472075
10,WAVE,3b90ec17ea9dde89e995a9a46222a93df0f992d4,10,42,true,20.784167000,472075
10,WAVE,3b90ec17ea9dde89e995a9a46222a93df0f992d4,10,43,true,20.752208000,472075
10,WAVE,3b90ec17ea9dde89e995a9a46222a93df0f992d4,10,44,true,20.698833000,472075
10,WAVE,3b90ec17ea9dde89e995a9a46222a93df0f992d4,10,45,true,20.232917000,472075
10,WAVE,3b90ec17ea9dde89e995a9a46222a93df0f992d4,10,46,true,20.311125000,472075
10,WAVE,3b90ec17ea9dde89e995a9a46222a93df0f992d4,10,47,true,20.797625000,472075
10,WAVE,3b90ec17ea9dde89e995a9a46222a93df0f992d4,10,48,true,19.939833000,472075
10,WAVE,3b90ec17ea9dde89e995a9a46222a93df0f992d4,10,49,true,19.950209000,472075
10,WAVE,3b90ec17ea9dde89e995a9a46222a93df0f992d4,10,50,true,20.097833000,472075
10,WAVE,3b90ec17ea9dde89e995a9a46222a93df0f992d4,10,51,true,20.640625000,472075
10,WAVE,3b90ec17ea9dde89e995a9a46222a93df0f992d4,10,52,true,20.830666000,472075
10,WAVE,3b90ec17ea9dde89e995a9a46222a93df0f992d4,10,53,true,20.308083000,472075
10,WAVE,3b90ec17ea9dde89e995a9a46222a93df0f992d4,10,54,true,20.171250000,472075
10,WAVE,3b90ec17ea9dde89e995a9a46222a93df0f992d4,10,55,true,19.710291000,472075
10,WAVE,3b90ec17ea9dde89e995a9a46222a93df0f992d4,10,56,true,20.385791000,472075
10,WAVE,3b90ec17ea9dde89e995a9a46222a93df0f992d4,10,57,true,20.662375000,472075
10,WAVE,3b90ec17ea9dde89e995a9a46222a93df0f992d4,10,58,true,20.610625000,472075
10,WAVE,3b90ec17ea9dde89e995a9a46222a93df0f992d4,10,59,true,20.032500000,472075
10,WAVE,3b90ec17ea9dde89e995a9a46222a93df0f992d4,10,60,true,20.848084000,472075
10,WAVE,3b90ec17ea9dde89e995a9a46222a93df0f992d4,10,61,true,20.325375000,472075
10,WAVE,3b90ec17ea9dde89e995a9a46222a93df0f992d4,10,62,true,20.638625000,472075
10,WAVE,3b90ec17ea9dde89e995a9a46222a93df0f992d4,10,63,true,20.813042000,472075
10,WAVE,3b90ec17ea9dde89e995a9a46222a93df0f992d4,10,64,true,20.856584000,472075
10,WAVE,3b90ec17ea9dde89e995a9a46222a93df0f992d4,10,65,true,20.076291000,472075
10,WAVE,3b90ec17ea9dde89e995a9a46222a93df0f992d4,10,66,true,20.335709000,472075
10,WAVE,3b90ec17ea9dde89e995a9a46222a93df0f992d4,10,67,true,20.237833000,472075
10,WAVE,3b90ec17ea9dde89e995a9a46222a93df0f992d4,10,68,true,20.757584000,472075
10,WAVE,3b90ec17ea9dde89e995a9a46222a93df0f992d4,10,69,true,20.223666000,472075
10,WAVE,3b90ec17ea9dde89e995a9a46222a93df0f992d4,10,70,true,20.722916000,472075
10,WAVE,3b90ec17ea9dde89e995a9a46222a93df0f992d4,10,71,true,20.332542000,472075
10,WAVE,3b90ec17ea9dde89e995a9a46222a93df0f992d4,10,72,true,20.747250000,472075
10,WAVE,3b90ec17ea9dde89e995a9a46222a93df0f992d4,10,73,true,20.198208000,472075
10,WAVE,3b90ec17ea9dde89e995a9a46222a93df0f992d4,10,74,true,20.066042000,472075
10,WAVE,3b90ec17ea9dde89e995a9a46222a93df0f992d4,10,75,true,20.466375000,472075
10,WAVE,3b90ec17ea9dde89e995a9a46222a93df0f992d4,10,76,true,20.657541000,472075
10,WAVE,3b90ec17ea9dde89e995a9a46222a93df0f992d4,10,77,true,20.283875000,472075
10,WAVE,3b90ec17ea9dde89e995a9a46222a93df0f992d4,10,78,true,20.706625000,472075
10,WAVE,3b90ec17ea9dde89e995a9a46222a93df0f992d4,10,79,true,20.821542000,472075
10,WAVE,3b90ec17ea9dde89e995a9a46222a93df0f992d4,10,80,true,20.816167000,472075
10,WAVE,3b90ec17ea9dde89e995a9a46222a93df0f992d4,10,81,true,20.079917000,472075
10,WAVE,3b90ec17ea9dde89e995a9a46222a93df0f992d4,10,82,true,20.169042000,472075
10,WAVE,3b90ec17ea9dde89e995a9a46222a93df0f992d4,10,83,true,20.387583000,472075
10,WAVE,3b90ec17ea9dde89e995a9a46222a93df0f992d4,10,84,true,20.528458000,472075
10,WAVE,3b90ec17ea9dde89e995a9a46222a93df0f992d4,10,85,true,19.830459000,472075
10,WAVE,3b90ec17ea9dde89e995a9a46222a93df0f992d4,10,86,true,20.469084000,472075
10,WAVE,3b90ec17ea9dde89e995a9a46222a93df0f992d4,10,87,true,19.943125000,472075
10,WAVE,3b90ec17ea9dde89e995a9a46222a93df0f992d4,10,88,true,20.788292000,472075
10,WAVE,3b90ec17ea9dde89e995a9a46222a93df0f992d4,10,89,true,20.594667000,472075
10,WAVE,3b90ec17ea9dde89e995a9a46222a93df0f992d4,10,90,true,20.457167000,472075
10,WAVE,3b90ec17ea9dde89e995a9a46222a93df0f992d4,10,91,true,20.687167000,472075
10,WAVE,3b90ec17ea9dde89e995a9a46222a93df0f992d4,10,92,true,20.923042000,472075
10,WAVE,3b90ec17ea9dde89e995a9a46222a93df0f992d4,10,93,true,20.825875000,472075
10,WAVE,3b90ec17ea9dde89e995a9a46222a93df0f992d4,10,94,true,20.477875000,472075
10,WAVE,3b90ec17ea9dde89e995a9a46222a93df0f992d4,10,95,true,19.841000000,472075
10,WAVE,3b90ec17ea9dde89e995a9a46222a93df0f992d4,10,96,true,20.950708000,472075
10,WAVE,3b90ec17ea9dde89e995a9a46222a93df0f992d4,10,97,true,20.734250000,472075
10,WAVE,3b90ec17ea9dde89e995a9a46222a93df0f992d4,10,98,true,21.341666000,472075
10,WAVE,3b90ec17ea9dde89e995a9a46222a93df0f992d4,10,99,true,20.795042000,472075
10,WAVE,3b90ec17ea9dde89e995a9a46222a93df0f992d4,10,100,true,21.332250000,472075
